"","radius","emddim","delay","filename","opt_dim","opt_delay","opt_rad"
"1",NA,NA,NA,"Study1D0S101T1_f0.txt",5,36,15.3462030670712
"2",NA,NA,NA,"Study1D0S101T10_f0.txt",5,36,15.3462030670712
"3",5.71778888907858,3,35,"Study1D0S101T2_f0.txt",5,36,15.3462030670712
"4",NA,NA,NA,"Study1D0S101T3_f0.txt",5,36,15.3462030670712
"5",7.9435542144305,4,35,"Study1D0S101T4_f0.txt",5,36,15.3462030670712
"6",7.5264557011784,3,40,"Study1D0S101T5_f0.txt",5,36,15.3462030670712
"7",12.3824487411124,4,21,"Study1D0S101T6_f0.txt",5,36,15.3462030670712
"8",13.387109701422,3,25,"Study1D0S101T7_f0.txt",5,36,15.3462030670712
"9",NA,NA,NA,"Study1D0S101T8_f0.txt",5,36,15.3462030670712
"10",13.2895287431875,7,49,"Study1D0S101T9_f0.txt",5,36,15.3462030670712
"11",25.4718285312528,7,26,"Study1D0S102T1_f0.txt",5,36,15.3462030670712
"12",10.2215296429414,5,35,"Study1D0S102T10_f0.txt",5,36,15.3462030670712
"13",14.2011597989006,4,37,"Study1D0S102T2_f0.txt",5,36,15.3462030670712
"14",18.2272100644881,5,40,"Study1D0S102T3_f0.txt",5,36,15.3462030670712
"15",16.5483999468711,4,28,"Study1D0S102T4_f0.txt",5,36,15.3462030670712
"16",11.7340455703047,4,23,"Study1D0S102T5_f0.txt",5,36,15.3462030670712
"17",20.1782708228096,6,49,"Study1D0S102T6_f0.txt",5,36,15.3462030670712
"18",21.4974860639909,5,35,"Study1D0S102T7_f0.txt",5,36,15.3462030670712
"19",16.2458165189291,7,48,"Study1D0S102T8_f0.txt",5,36,15.3462030670712
"20",33.8812887724228,8,42,"Study1D0S102T9_f0.txt",5,36,15.3462030670712
"21",22.5967971294087,5,30,"Study1D0S103T1_f0.txt",5,36,15.3462030670712
"22",9.01945441944609,3,40,"Study1D0S103T10_f0.txt",5,36,15.3462030670712
"23",25.7608446911857,8,45,"Study1D0S103T2_f0.txt",5,36,15.3462030670712
"24",6.33893882731322,3,45,"Study1D0S103T3_f0.txt",5,36,15.3462030670712
"25",10.6978173515401,3,37,"Study1D0S103T4_f0.txt",5,36,15.3462030670712
"26",17.7583894311321,6,25,"Study1D0S103T5_f0.txt",5,36,15.3462030670712
"27",27.5788922792778,5,45,"Study1D0S103T6_f0.txt",5,36,15.3462030670712
"28",19.0225508375409,4,22,"Study1D0S103T7_f0.txt",5,36,15.3462030670712
"29",NA,NA,NA,"Study1D0S103T8_f0.txt",5,36,15.3462030670712
"30",35.3618945826725,8,30,"Study1D0S103T9_f0.txt",5,36,15.3462030670712
"31",8.79108692264786,6,23,"Study1D0S104T1_f0.txt",5,36,15.3462030670712
"32",NA,NA,NA,"Study1D0S104T10_f0.txt",5,36,15.3462030670712
"33",3.83191346098148,6,28,"Study1D0S104T2_f0.txt",5,36,15.3462030670712
"34",11.8621631301858,7,29,"Study1D0S104T3_f0.txt",5,36,15.3462030670712
"35",10.6359252194597,4,26,"Study1D0S104T4_f0.txt",5,36,15.3462030670712
"36",8.06304822410213,3,49,"Study1D0S104T5_f0.txt",5,36,15.3462030670712
"37",7.21928336667423,3,30,"Study1D0S104T6_f0.txt",5,36,15.3462030670712
"38",7.3707598234113,4,49,"Study1D0S104T7_f0.txt",5,36,15.3462030670712
"39",7.19103066638431,8,49,"Study1D0S104T8_f0.txt",5,36,15.3462030670712
"40",12.704448567193,6,23,"Study1D0S104T9_f0.txt",5,36,15.3462030670712
"41",5.13024386409594,6,30,"Study1D0S105T1_f0.txt",5,36,15.3462030670712
"42",15.2843599421684,7,17,"Study1D0S105T10_f0.txt",5,36,15.3462030670712
"43",11.0289882755257,4,39,"Study1D0S105T2_f0.txt",5,36,15.3462030670712
"44",14.1222595145711,6,25,"Study1D0S105T3_f0.txt",5,36,15.3462030670712
"45",NA,NA,NA,"Study1D0S105T4_f0.txt",5,36,15.3462030670712
"46",17.5468553911405,8,22,"Study1D0S105T5_f0.txt",5,36,15.3462030670712
"47",NA,NA,NA,"Study1D0S105T6_f0.txt",5,36,15.3462030670712
"48",25.8773511832217,7,25,"Study1D0S105T7_f0.txt",5,36,15.3462030670712
"49",5.53794810593407,5,24,"Study1D0S105T8_f0.txt",5,36,15.3462030670712
"50",9.0048714963683,4,47,"Study1D0S105T9_f0.txt",5,36,15.3462030670712
"51",10.2065097176897,7,21,"Study1D0S106T1_f0.txt",5,36,15.3462030670712
"52",2.57609438650062,5,14,"Study1D0S106T10_f0.txt",5,36,15.3462030670712
"53",20.1888027492971,10,34,"Study1D0S106T2_f0.txt",5,36,15.3462030670712
"54",12.9301798513015,7,37,"Study1D0S106T3_f0.txt",5,36,15.3462030670712
"55",NA,NA,NA,"Study1D0S106T4_f0.txt",5,36,15.3462030670712
"56",3.5539150068869,6,49,"Study1D0S106T5_f0.txt",5,36,15.3462030670712
"57",15.8142876309608,10,37,"Study1D0S106T6_f0.txt",5,36,15.3462030670712
"58",6.47806381765424,4,47,"Study1D0S106T7_f0.txt",5,36,15.3462030670712
"59",3.72547491112691,7,13,"Study1D0S106T8_f0.txt",5,36,15.3462030670712
"60",6.11531494111617,4,40,"Study1D0S106T9_f0.txt",5,36,15.3462030670712
"61",10.2220528015026,3,49,"Study1D0S107T1_f0.txt",5,36,15.3462030670712
"62",10.5455887754429,5,49,"Study1D0S107T10_f0.txt",5,36,15.3462030670712
"63",26.370010585738,7,31,"Study1D0S107T2_f0.txt",5,36,15.3462030670712
"64",NA,NA,NA,"Study1D0S107T3_f0.txt",5,36,15.3462030670712
"65",18.9477521558485,3,45,"Study1D0S107T4_f0.txt",5,36,15.3462030670712
"66",11.0382820952416,5,34,"Study1D0S107T5_f0.txt",5,36,15.3462030670712
"67",13.3182536275779,4,41,"Study1D0S107T6_f0.txt",5,36,15.3462030670712
"68",180.113548059099,11,24,"Study1D0S107T7_f0.txt",5,36,15.3462030670712
"69",12.4105452343612,3,41,"Study1D0S107T8_f0.txt",5,36,15.3462030670712
"70",25.6206008319079,7,44,"Study1D0S107T9_f0.txt",5,36,15.3462030670712
"71",27.7414641756358,3,34,"Study1D0S108T1_f0.txt",5,36,15.3462030670712
"72",28.2966851148432,9,41,"Study1D0S108T10_f0.txt",5,36,15.3462030670712
"73",39.1924604031349,5,49,"Study1D0S108T2_f0.txt",5,36,15.3462030670712
"74",23.9807735864347,4,33,"Study1D0S108T3_f0.txt",5,36,15.3462030670712
"75",47.6903545320198,9,44,"Study1D0S108T4_f0.txt",5,36,15.3462030670712
"76",19.6160062460393,6,40,"Study1D0S108T5_f0.txt",5,36,15.3462030670712
"77",29.4600680115274,4,49,"Study1D0S108T6_f0.txt",5,36,15.3462030670712
"78",19.487652447902,3,39,"Study1D0S108T7_f0.txt",5,36,15.3462030670712
"79",21.2856679483465,3,37,"Study1D0S108T8_f0.txt",5,36,15.3462030670712
"80",74.6951352231344,13,41,"Study1D0S108T9_f0.txt",5,36,15.3462030670712
"81",NA,NA,NA,"Study1D0S109T1_f0.txt",5,36,15.3462030670712
"82",40.3170929310638,5,36,"Study1D0S109T10_f0.txt",5,36,15.3462030670712
"83",59.5509457709947,7,33,"Study1D0S109T2_f0.txt",5,36,15.3462030670712
"84",23.9172795260257,4,27,"Study1D0S109T3_f0.txt",5,36,15.3462030670712
"85",NA,NA,NA,"Study1D0S109T4_f0.txt",5,36,15.3462030670712
"86",29.0033530277203,4,25,"Study1D0S109T5_f0.txt",5,36,15.3462030670712
"87",40.7396690986204,4,49,"Study1D0S109T6_f0.txt",5,36,15.3462030670712
"88",24.5843082231917,4,39,"Study1D0S109T7_f0.txt",5,36,15.3462030670712
"89",55.7005091602943,8,24,"Study1D0S109T8_f0.txt",5,36,15.3462030670712
"90",69.6922043342148,11,46,"Study1D0S109T9_f0.txt",5,36,15.3462030670712
"91",NA,NA,NA,"Study1D0S110T1_f0.txt",5,36,15.3462030670712
"92",9.36024314206469,8,8,"Study1D0S110T10_f0.txt",5,36,15.3462030670712
"93",14.7882073055693,3,22,"Study1D0S110T2_f0.txt",5,36,15.3462030670712
"94",6.72329727583377,7,30,"Study1D0S110T3_f0.txt",5,36,15.3462030670712
"95",31.9319324404842,7,23,"Study1D0S110T4_f0.txt",5,36,15.3462030670712
"96",5.92172719169111,3,26,"Study1D0S110T5_f0.txt",5,36,15.3462030670712
"97",10.3248964276283,3,6,"Study1D0S110T6_f0.txt",5,36,15.3462030670712
"98",22.5080493798565,5,48,"Study1D0S110T7_f0.txt",5,36,15.3462030670712
"99",10.5852369481031,6,25,"Study1D0S110T8_f0.txt",5,36,15.3462030670712
"100",24.0257537749682,4,32,"Study1D0S110T9_f0.txt",5,36,15.3462030670712
"101",27.7644478716255,6,40,"Study1D0S111T1_f0.txt",5,36,15.3462030670712
"102",10.7620049258597,4,8,"Study1D0S111T10_f0.txt",5,36,15.3462030670712
"103",143.436701371606,13,36,"Study1D0S111T2_f0.txt",5,36,15.3462030670712
"104",12.0617918730289,10,23,"Study1D0S111T3_f0.txt",5,36,15.3462030670712
"105",NA,NA,NA,"Study1D0S111T4_f0.txt",5,36,15.3462030670712
"106",6.52182443100853,8,20,"Study1D0S111T5_f0.txt",5,36,15.3462030670712
"107",7.5677130017643,11,13,"Study1D0S111T6_f0.txt",5,36,15.3462030670712
"108",NA,NA,NA,"Study1D0S111T7_f0.txt",5,36,15.3462030670712
"109",2.64113946307611,4,40,"Study1D0S111T8_f0.txt",5,36,15.3462030670712
"110",31.1891081058413,12,30,"Study1D0S111T9_f0.txt",5,36,15.3462030670712
"111",15.5828680568993,7,26,"Study1D0S112T1_f0.txt",5,36,15.3462030670712
"112",10.7875159975775,5,26,"Study1D0S112T10_f0.txt",5,36,15.3462030670712
"113",16.9527618854504,6,18,"Study1D0S112T2_f0.txt",5,36,15.3462030670712
"114",12.3258122341284,5,42,"Study1D0S112T3_f0.txt",5,36,15.3462030670712
"115",14.3740517436802,4,49,"Study1D0S112T4_f0.txt",5,36,15.3462030670712
"116",18.9012571974168,9,45,"Study1D0S112T5_f0.txt",5,36,15.3462030670712
"117",10.2264378955156,5,26,"Study1D0S112T6_f0.txt",5,36,15.3462030670712
"118",16.1308484906333,8,27,"Study1D0S112T7_f0.txt",5,36,15.3462030670712
"119",NA,NA,NA,"Study1D0S112T8_f0.txt",5,36,15.3462030670712
"120",17.4648768388968,6,47,"Study1D0S112T9_f0.txt",5,36,15.3462030670712
"121",8.78440153163508,6,47,"Study1D0S113T1_f0.txt",5,36,15.3462030670712
"122",NA,NA,NA,"Study1D0S113T10_f0.txt",5,36,15.3462030670712
"123",17.6771036903999,10,40,"Study1D0S113T2_f0.txt",5,36,15.3462030670712
"124",2.53248994022156,2,48,"Study1D0S113T3_f0.txt",5,36,15.3462030670712
"125",3.21193921741073,3,43,"Study1D0S113T4_f0.txt",5,36,15.3462030670712
"126",1.19797316001351,5,18,"Study1D0S113T5_f0.txt",5,36,15.3462030670712
"127",NA,NA,NA,"Study1D0S113T6_f0.txt",5,36,15.3462030670712
"128",NA,NA,NA,"Study1D0S113T7_f0.txt",5,36,15.3462030670712
"129",NA,NA,NA,"Study1D0S113T8_f0.txt",5,36,15.3462030670712
"130",16.8007880973398,3,37,"Study1D0S113T9_f0.txt",5,36,15.3462030670712
"131",15.0653351904972,6,21,"Study1D0S114T1_f0.txt",5,36,15.3462030670712
"132",NA,NA,NA,"Study1D0S114T10_f0.txt",5,36,15.3462030670712
"133",8.76574126498977,3,49,"Study1D0S114T2_f0.txt",5,36,15.3462030670712
"134",NA,NA,NA,"Study1D0S114T3_f0.txt",5,36,15.3462030670712
"135",19.399650480887,7,49,"Study1D0S114T4_f0.txt",5,36,15.3462030670712
"136",9.78486420277704,3,23,"Study1D0S114T5_f0.txt",5,36,15.3462030670712
"137",15.9523013896596,5,36,"Study1D0S114T6_f0.txt",5,36,15.3462030670712
"138",14.5861470006149,4,50,"Study1D0S114T7_f0.txt",5,36,15.3462030670712
"139",NA,NA,NA,"Study1D0S114T8_f0.txt",5,36,15.3462030670712
"140",21.835436132611,9,39,"Study1D0S114T9_f0.txt",5,36,15.3462030670712
"141",19.2629029167351,4,41,"Study1D0S115T1_f0.txt",5,36,15.3462030670712
"142",8.66362347690035,4,46,"Study1D0S115T10_f0.txt",5,36,15.3462030670712
"143",41.4626279840955,9,49,"Study1D0S115T2_f0.txt",5,36,15.3462030670712
"144",3.30354752162455,2,36,"Study1D0S115T3_f0.txt",5,36,15.3462030670712
"145",22.0370171930544,7,31,"Study1D0S115T4_f0.txt",5,36,15.3462030670712
"146",15.4651576162487,3,37,"Study1D0S115T5_f0.txt",5,36,15.3462030670712
"147",NA,NA,NA,"Study1D0S115T6_f0.txt",5,36,15.3462030670712
"148",41.3880002644704,17,15,"Study1D0S115T7_f0.txt",5,36,15.3462030670712
"149",5.30908847397347,3,43,"Study1D0S115T8_f0.txt",5,36,15.3462030670712
"150",14.0227050746159,3,35,"Study1D0S115T9_f0.txt",5,36,15.3462030670712
"151",NA,NA,NA,"Study1D0S116T1_f0.txt",5,36,15.3462030670712
"152",NA,NA,NA,"Study1D0S116T10_f0.txt",5,36,15.3462030670712
"153",12.1152296159483,3,49,"Study1D0S116T2_f0.txt",5,36,15.3462030670712
"154",NA,NA,NA,"Study1D0S116T3_f0.txt",5,36,15.3462030670712
"155",12.2384455630734,5,36,"Study1D0S116T4_f0.txt",5,36,15.3462030670712
"156",58.1586032951381,19,34,"Study1D0S116T5_f0.txt",5,36,15.3462030670712
"157",NA,NA,NA,"Study1D0S116T6_f0.txt",5,36,15.3462030670712
"158",12.0965728221072,4,19,"Study1D0S116T7_f0.txt",5,36,15.3462030670712
"159",64.7869070230772,12,48,"Study1D0S116T8_f0.txt",5,36,15.3462030670712
"160",6.45005536439425,2,38,"Study1D0S116T9_f0.txt",5,36,15.3462030670712
"161",4.33232020415841,8,15,"Study1D0S117T1_f0.txt",5,36,15.3462030670712
"162",NA,NA,NA,"Study1D0S117T10_f0.txt",5,36,15.3462030670712
"163",14.1314615235223,5,49,"Study1D0S117T2_f0.txt",5,36,15.3462030670712
"164",NA,NA,NA,"Study1D0S117T3_f0.txt",5,36,15.3462030670712
"165",NA,NA,NA,"Study1D0S117T4_f0.txt",5,36,15.3462030670712
"166",4.46181438794133,4,46,"Study1D0S117T5_f0.txt",5,36,15.3462030670712
"167",12.6203362782263,7,22,"Study1D0S117T6_f0.txt",5,36,15.3462030670712
"168",10.5034595738381,5,45,"Study1D0S117T7_f0.txt",5,36,15.3462030670712
"169",NA,NA,NA,"Study1D0S117T8_f0.txt",5,36,15.3462030670712
"170",NA,NA,NA,"Study1D0S117T9_f0.txt",5,36,15.3462030670712
"171",44.3334071952264,9,18,"Study1D0S118T1_f0.txt",5,36,15.3462030670712
"172",13.6528412079853,4,47,"Study1D0S118T10_f0.txt",5,36,15.3462030670712
"173",21.7070399609113,4,34,"Study1D0S118T2_f0.txt",5,36,15.3462030670712
"174",20.2644630903476,5,20,"Study1D0S118T3_f0.txt",5,36,15.3462030670712
"175",15.9554576578175,3,42,"Study1D0S118T4_f0.txt",5,36,15.3462030670712
"176",21.2917040557765,9,38,"Study1D0S118T5_f0.txt",5,36,15.3462030670712
"177",24.7873753766886,3,27,"Study1D0S118T6_f0.txt",5,36,15.3462030670712
"178",20.7559418773539,3,49,"Study1D0S118T7_f0.txt",5,36,15.3462030670712
"179",5.65762962673291,2,47,"Study1D0S118T8_f0.txt",5,36,15.3462030670712
"180",81.6606343658498,13,46,"Study1D0S118T9_f0.txt",5,36,15.3462030670712
"181",5.21386285034151,4,41,"Study1D0S119T1_f0.txt",5,36,15.3462030670712
"182",9.35857644709814,4,28,"Study1D0S119T10_f0.txt",5,36,15.3462030670712
"183",10.85768637357,5,35,"Study1D0S119T2_f0.txt",5,36,15.3462030670712
"184",14.2585047727907,7,49,"Study1D0S119T3_f0.txt",5,36,15.3462030670712
"185",15.3226906566914,6,16,"Study1D0S119T4_f0.txt",5,36,15.3462030670712
"186",11.416901855929,6,19,"Study1D0S119T5_f0.txt",5,36,15.3462030670712
"187",17.1128243265736,7,36,"Study1D0S119T6_f0.txt",5,36,15.3462030670712
"188",9.24425284181987,3,40,"Study1D0S119T7_f0.txt",5,36,15.3462030670712
"189",9.66424037001715,6,48,"Study1D0S119T8_f0.txt",5,36,15.3462030670712
"190",22.2677206501095,8,16,"Study1D0S119T9_f0.txt",5,36,15.3462030670712
"191",NA,NA,NA,"Study1D0S120T1_f0.txt",5,36,15.3462030670712
"192",NA,NA,NA,"Study1D0S120T10_f0.txt",5,36,15.3462030670712
"193",7.7715160605698,3,31,"Study1D0S120T2_f0.txt",5,36,15.3462030670712
"194",NA,NA,NA,"Study1D0S120T3_f0.txt",5,36,15.3462030670712
"195",3.40462844663505,2,21,"Study1D0S120T4_f0.txt",5,36,15.3462030670712
"196",NA,NA,NA,"Study1D0S120T5_f0.txt",5,36,15.3462030670712
"197",4.72136623610352,2,19,"Study1D0S120T6_f0.txt",5,36,15.3462030670712
"198",8.1657245864787,4,19,"Study1D0S120T7_f0.txt",5,36,15.3462030670712
"199",NA,NA,NA,"Study1D0S120T8_f0.txt",5,36,15.3462030670712
"200",14.6683586279952,6,35,"Study1D0S120T9_f0.txt",5,36,15.3462030670712
"201",31.295445608229,9,26,"Study1D0S121T1_f0.txt",5,36,15.3462030670712
"202",17.1106701093138,4,43,"Study1D0S121T2_f0.txt",5,36,15.3462030670712
"203",37.2369919977668,10,35,"Study1D0S121T3_f0.txt",5,36,15.3462030670712
"204",9.65117095415647,4,36,"Study1D0S122T1_f0.txt",5,36,15.3462030670712
"205",NA,NA,NA,"Study1D0S122T10_f0.txt",5,36,15.3462030670712
"206",14.3198128613406,8,9,"Study1D0S122T2_f0.txt",5,36,15.3462030670712
"207",41.7839326627735,13,30,"Study1D0S122T3_f0.txt",5,36,15.3462030670712
"208",NA,NA,NA,"Study1D0S122T4_f0.txt",5,36,15.3462030670712
"209",32.1976304771043,13,15,"Study1D0S122T5_f0.txt",5,36,15.3462030670712
"210",18.6851684611792,4,32,"Study1D0S122T6_f0.txt",5,36,15.3462030670712
"211",NA,NA,NA,"Study1D0S122T7_f0.txt",5,36,15.3462030670712
"212",NA,NA,NA,"Study1D0S122T8_f0.txt",5,36,15.3462030670712
"213",NA,NA,NA,"Study1D0S122T9_f0.txt",5,36,15.3462030670712
"214",NA,NA,NA,"Study1D0S123T1_f0.txt",5,36,15.3462030670712
"215",0.726660764676041,1,12,"Study1D0S123T10_f0.txt",5,36,15.3462030670712
"216",65.6244523797188,8,32,"Study1D0S123T2_f0.txt",5,36,15.3462030670712
"217",NA,NA,NA,"Study1D0S123T3_f0.txt",5,36,15.3462030670712
"218",0.517547669608227,1,23,"Study1D0S123T4_f0.txt",5,36,15.3462030670712
"219",10.6909384370382,4,22,"Study1D0S123T5_f0.txt",5,36,15.3462030670712
"220",NA,NA,NA,"Study1D0S123T6_f0.txt",5,36,15.3462030670712
"221",9.87844232036878,3,23,"Study1D0S123T7_f0.txt",5,36,15.3462030670712
"222",5.68791329465763,2,11,"Study1D0S123T8_f0.txt",5,36,15.3462030670712
"223",NA,NA,NA,"Study1D0S124T1_f0.txt",5,36,15.3462030670712
"224",9.11742817760502,4,20,"Study1D0S124T10_f0.txt",5,36,15.3462030670712
"225",19.1133977404844,6,31,"Study1D0S124T2_f0.txt",5,36,15.3462030670712
"226",10.2888716440728,5,40,"Study1D0S124T3_f0.txt",5,36,15.3462030670712
"227",7.51592074694078,4,46,"Study1D0S124T4_f0.txt",5,36,15.3462030670712
"228",6.92548201771672,4,10,"Study1D0S124T5_f0.txt",5,36,15.3462030670712
"229",7.46571403645214,6,32,"Study1D0S124T6_f0.txt",5,36,15.3462030670712
"230",10.6776051570655,4,49,"Study1D0S124T7_f0.txt",5,36,15.3462030670712
"231",7.40218800333551,6,44,"Study1D0S124T8_f0.txt",5,36,15.3462030670712
"232",5.96982331406132,3,28,"Study1D0S124T9_f0.txt",5,36,15.3462030670712
"233",32.6092593656582,7,27,"Study1D0S125T1_f0.txt",5,36,15.3462030670712
"234",24.4326103669432,3,41,"Study1D0S125T10_f0.txt",5,36,15.3462030670712
"235",25.8881610551448,6,48,"Study1D0S125T2_f0.txt",5,36,15.3462030670712
"236",13.551291188402,3,49,"Study1D0S125T3_f0.txt",5,36,15.3462030670712
"237",11.5755557099642,3,41,"Study1D0S125T4_f0.txt",5,36,15.3462030670712
"238",22.8508669946638,6,49,"Study1D0S125T5_f0.txt",5,36,15.3462030670712
"239",13.935925004664,3,37,"Study1D0S125T6_f0.txt",5,36,15.3462030670712
"240",19.6304994182748,6,24,"Study1D0S125T7_f0.txt",5,36,15.3462030670712
"241",9.63419687295359,3,49,"Study1D0S125T8_f0.txt",5,36,15.3462030670712
"242",41.6835698134275,8,26,"Study1D0S125T9_f0.txt",5,36,15.3462030670712
"243",3.68473621353871,9,27,"Study1D0S126T1_f0.txt",5,36,15.3462030670712
"244",2.65410653274415,3,40,"Study1D0S126T10_f0.txt",5,36,15.3462030670712
"245",21.9891568981237,10,30,"Study1D0S126T2_f0.txt",5,36,15.3462030670712
"246",7.77564731442166,5,36,"Study1D0S126T3_f0.txt",5,36,15.3462030670712
"247",4.88750506860845,6,23,"Study1D0S126T4_f0.txt",5,36,15.3462030670712
"248",8.16867524951667,9,41,"Study1D0S126T5_f0.txt",5,36,15.3462030670712
"249",NA,NA,NA,"Study1D0S126T6_f0.txt",5,36,15.3462030670712
"250",16.6984718850496,10,18,"Study1D0S126T7_f0.txt",5,36,15.3462030670712
"251",NA,NA,NA,"Study1D0S126T8_f0.txt",5,36,15.3462030670712
"252",5.43937849829517,7,28,"Study1D0S126T9_f0.txt",5,36,15.3462030670712
"253",4.71108875466791,8,26,"Study1D0S127T1_f0.txt",5,36,15.3462030670712
"254",33.6004619675422,11,20,"Study1D0S127T10_f0.txt",5,36,15.3462030670712
"255",32.3010766788367,16,26,"Study1D0S127T2_f0.txt",5,36,15.3462030670712
"256",NA,NA,NA,"Study1D0S127T3_f0.txt",5,36,15.3462030670712
"257",8.39494224430993,4,25,"Study1D0S127T4_f0.txt",5,36,15.3462030670712
"258",12.3432898735514,4,45,"Study1D0S127T5_f0.txt",5,36,15.3462030670712
"259",2.47243754388451,4,19,"Study1D0S127T6_f0.txt",5,36,15.3462030670712
"260",35.2356842663366,10,48,"Study1D0S127T7_f0.txt",5,36,15.3462030670712
"261",NA,NA,NA,"Study1D0S127T8_f0.txt",5,36,15.3462030670712
"262",4.03886563738638,3,38,"Study1D0S127T9_f0.txt",5,36,15.3462030670712
"263",NA,NA,NA,"Study1D0S128T1_f0.txt",5,36,15.3462030670712
"264",NA,NA,NA,"Study1D0S128T10_f0.txt",5,36,15.3462030670712
"265",18.3931742697042,8,43,"Study1D0S128T2_f0.txt",5,36,15.3462030670712
"266",19.7374215267274,9,43,"Study1D0S128T3_f0.txt",5,36,15.3462030670712
"267",10.0625462253343,6,20,"Study1D0S128T4_f0.txt",5,36,15.3462030670712
"268",70.8137617326272,7,38,"Study1D0S128T5_f0.txt",5,36,15.3462030670712
"269",18.2537445255729,8,49,"Study1D0S128T6_f0.txt",5,36,15.3462030670712
"270",19.716137767591,7,49,"Study1D0S128T7_f0.txt",5,36,15.3462030670712
"271",9.93544075175002,3,30,"Study1D0S128T8_f0.txt",5,36,15.3462030670712
"272",NA,NA,NA,"Study1D0S128T9_f0.txt",5,36,15.3462030670712
"273",10.8131365990188,13,23,"Study1D0S129T1_f0.txt",5,36,15.3462030670712
"274",3.34169816405938,3,37,"Study1D0S129T10_f0.txt",5,36,15.3462030670712
"275",6.20787227335907,6,33,"Study1D0S129T2_f0.txt",5,36,15.3462030670712
"276",3.80757425687506,3,45,"Study1D0S129T3_f0.txt",5,36,15.3462030670712
"277",9.94214154368002,7,44,"Study1D0S129T4_f0.txt",5,36,15.3462030670712
"278",12.9576785517932,8,22,"Study1D0S129T5_f0.txt",5,36,15.3462030670712
"279",4.82305219536038,4,26,"Study1D0S129T6_f0.txt",5,36,15.3462030670712
"280",10.7201276396362,9,47,"Study1D0S129T7_f0.txt",5,36,15.3462030670712
"281",2.67398513598705,3,49,"Study1D0S129T8_f0.txt",5,36,15.3462030670712
"282",8.28637086347455,5,38,"Study1D0S129T9_f0.txt",5,36,15.3462030670712
"283",12.6706028004313,6,40,"Study1D0S130T1_f0.txt",5,36,15.3462030670712
"284",12.3468599818482,5,48,"Study1D0S130T10_f0.txt",5,36,15.3462030670712
"285",15.3804934192962,3,45,"Study1D0S130T2_f0.txt",5,36,15.3462030670712
"286",12.4898025613704,4,28,"Study1D0S130T3_f0.txt",5,36,15.3462030670712
"287",NA,NA,NA,"Study1D0S130T4_f0.txt",5,36,15.3462030670712
"288",18.6242353715299,4,48,"Study1D0S130T5_f0.txt",5,36,15.3462030670712
"289",22.2578532895332,4,48,"Study1D0S130T6_f0.txt",5,36,15.3462030670712
"290",11.4218356902926,3,35,"Study1D0S130T7_f0.txt",5,36,15.3462030670712
"291",3.78332830669046,2,49,"Study1D0S130T8_f0.txt",5,36,15.3462030670712
"292",14.7484460611721,3,48,"Study1D0S130T9_f0.txt",5,36,15.3462030670712
"293",34.183578731384,11,31,"Study1D0S131T1_f0.txt",5,36,15.3462030670712
"294",6.60230630144344,3,31,"Study1D0S131T10_f0.txt",5,36,15.3462030670712
"295",25.5848074765518,3,33,"Study1D0S131T2_f0.txt",5,36,15.3462030670712
"296",27.070120174095,8,49,"Study1D0S131T3_f0.txt",5,36,15.3462030670712
"297",NA,NA,NA,"Study1D0S131T4_f0.txt",5,36,15.3462030670712
"298",26.7136871395357,7,23,"Study1D0S131T5_f0.txt",5,36,15.3462030670712
"299",NA,NA,NA,"Study1D0S131T6_f0.txt",5,36,15.3462030670712
"300",23.2260483399813,7,36,"Study1D0S131T7_f0.txt",5,36,15.3462030670712
"301",16.4868736047729,4,42,"Study1D0S131T8_f0.txt",5,36,15.3462030670712
"302",21.9651572104522,5,48,"Study1D0S131T9_f0.txt",5,36,15.3462030670712
"303",6.16992229054341,4,43,"Study1D0S132T1_f0.txt",5,36,15.3462030670712
"304",5.81779474814946,3,20,"Study1D0S132T10_f0.txt",5,36,15.3462030670712
"305",10.99233548564,4,36,"Study1D0S132T2_f0.txt",5,36,15.3462030670712
"306",6.5932630584681,3,41,"Study1D0S132T3_f0.txt",5,36,15.3462030670712
"307",10.7969942735241,3,49,"Study1D0S132T4_f0.txt",5,36,15.3462030670712
"308",6.99524179139612,6,40,"Study1D0S132T5_f0.txt",5,36,15.3462030670712
"309",18.8886312422749,4,31,"Study1D0S132T6_f0.txt",5,36,15.3462030670712
"310",5.17477313432842,3,47,"Study1D0S132T7_f0.txt",5,36,15.3462030670712
"311",4.5635217699064,3,35,"Study1D0S132T8_f0.txt",5,36,15.3462030670712
"312",14.6601648082731,4,36,"Study1D0S132T9_f0.txt",5,36,15.3462030670712
"313",25.3901478517597,6,27,"Study1D0S133T1_f0.txt",5,36,15.3462030670712
"314",NA,NA,NA,"Study1D0S133T10_f0.txt",5,36,15.3462030670712
"315",21.1839497648639,4,38,"Study1D0S133T2_f0.txt",5,36,15.3462030670712
"316",15.4701616067006,4,43,"Study1D0S133T3_f0.txt",5,36,15.3462030670712
"317",17.0234016643765,3,42,"Study1D0S133T4_f0.txt",5,36,15.3462030670712
"318",19.2849172982333,9,33,"Study1D0S133T5_f0.txt",5,36,15.3462030670712
"319",9.61464991148168,6,47,"Study1D0S133T6_f0.txt",5,36,15.3462030670712
"320",39.9643714314308,8,29,"Study1D0S133T7_f0.txt",5,36,15.3462030670712
"321",NA,NA,NA,"Study1D0S133T8_f0.txt",5,36,15.3462030670712
"322",35.9333412416103,7,18,"Study1D0S133T9_f0.txt",5,36,15.3462030670712
"323",12.6285927649721,9,37,"Study1D0S134T1_f0.txt",5,36,15.3462030670712
"324",NA,NA,NA,"Study1D0S134T10_f0.txt",5,36,15.3462030670712
"325",20.8776162969823,4,49,"Study1D0S134T2_f0.txt",5,36,15.3462030670712
"326",NA,NA,NA,"Study1D0S134T3_f0.txt",5,36,15.3462030670712
"327",33.1762276208576,9,36,"Study1D0S134T4_f0.txt",5,36,15.3462030670712
"328",63.3217226101877,11,21,"Study1D0S134T5_f0.txt",5,36,15.3462030670712
"329",30.1424221808838,9,26,"Study1D0S134T6_f0.txt",5,36,15.3462030670712
"330",21.324637322469,8,45,"Study1D0S134T7_f0.txt",5,36,15.3462030670712
"331",NA,NA,NA,"Study1D0S134T8_f0.txt",5,36,15.3462030670712
"332",12.3096619902493,6,15,"Study1D0S134T9_f0.txt",5,36,15.3462030670712
"333",7.81617684372601,4,38,"Study1D0S135T1_f0.txt",5,36,15.3462030670712
"334",5.18135006295329,4,22,"Study1D0S135T10_f0.txt",5,36,15.3462030670712
"335",14.7929468837282,5,43,"Study1D0S135T2_f0.txt",5,36,15.3462030670712
"336",11.0246473922847,6,33,"Study1D0S135T3_f0.txt",5,36,15.3462030670712
"337",30.9431396868485,8,23,"Study1D0S135T4_f0.txt",5,36,15.3462030670712
"338",20.8792458928467,6,28,"Study1D0S135T5_f0.txt",5,36,15.3462030670712
"339",27.4103417306091,6,32,"Study1D0S135T6_f0.txt",5,36,15.3462030670712
"340",19.9240104379858,5,48,"Study1D0S135T7_f0.txt",5,36,15.3462030670712
"341",15.8669648763632,4,29,"Study1D0S135T8_f0.txt",5,36,15.3462030670712
"342",16.5063347399726,4,48,"Study1D0S135T9_f0.txt",5,36,15.3462030670712
"343",14.850549744129,7,25,"Study1D0S136T1_f0.txt",5,36,15.3462030670712
"344",10.7158483650788,3,25,"Study1D0S136T10_f0.txt",5,36,15.3462030670712
"345",10.3155176840965,4,32,"Study1D0S136T2_f0.txt",5,36,15.3462030670712
"346",6.45696085239216,4,23,"Study1D0S136T3_f0.txt",5,36,15.3462030670712
"347",7.88695883560461,4,23,"Study1D0S136T4_f0.txt",5,36,15.3462030670712
"348",8.15184791297104,3,47,"Study1D0S136T5_f0.txt",5,36,15.3462030670712
"349",8.23644760346234,3,40,"Study1D0S136T6_f0.txt",5,36,15.3462030670712
"350",23.4400627982542,9,45,"Study1D0S136T7_f0.txt",5,36,15.3462030670712
"351",11.2239920506774,6,36,"Study1D0S136T8_f0.txt",5,36,15.3462030670712
"352",16.4033724995219,6,26,"Study1D0S136T9_f0.txt",5,36,15.3462030670712
"353",17.0637020585474,5,11,"Study1D1S103T1_f0.txt",5,36,15.3462030670712
"354",37.8771120193131,4,27,"Study1D1S103T10_f0.txt",5,36,15.3462030670712
"355",NA,NA,NA,"Study1D1S103T2_f0.txt",5,36,15.3462030670712
"356",NA,NA,NA,"Study1D1S103T3_f0.txt",5,36,15.3462030670712
"357",24.3752018498343,3,48,"Study1D1S103T4_f0.txt",5,36,15.3462030670712
"358",205.931287728766,11,29,"Study1D1S103T5_f0.txt",5,36,15.3462030670712
"359",23.6837650402435,3,49,"Study1D1S103T6_f0.txt",5,36,15.3462030670712
"360",63.1182949571503,9,48,"Study1D1S103T7_f0.txt",5,36,15.3462030670712
"361",26.7255868959067,4,33,"Study1D1S103T8_f0.txt",5,36,15.3462030670712
"362",31.0761315580921,5,30,"Study1D1S103T9_f0.txt",5,36,15.3462030670712
"363",3.70752411364601,3,46,"Study1D1S104T1_f0.txt",5,36,15.3462030670712
"364",NA,NA,NA,"Study1D1S104T10_f0.txt",5,36,15.3462030670712
"365",12.2661657398072,12,31,"Study1D1S104T2_f0.txt",5,36,15.3462030670712
"366",NA,NA,NA,"Study1D1S104T3_f0.txt",5,36,15.3462030670712
"367",NA,NA,NA,"Study1D1S104T4_f0.txt",5,36,15.3462030670712
"368",NA,NA,NA,"Study1D1S104T5_f0.txt",5,36,15.3462030670712
"369",4.65096498771612,5,18,"Study1D1S104T6_f0.txt",5,36,15.3462030670712
"370",5.21275862449474,3,40,"Study1D1S104T7_f0.txt",5,36,15.3462030670712
"371",NA,NA,NA,"Study1D1S104T8_f0.txt",5,36,15.3462030670712
"372",10.4491098380891,8,17,"Study1D1S104T9_f0.txt",5,36,15.3462030670712
"373",10.1230762154527,6,44,"Study1D1S105T1_f0.txt",5,36,15.3462030670712
"374",4.61699688938848,5,35,"Study1D1S105T10_f0.txt",5,36,15.3462030670712
"375",20.6834606142415,10,31,"Study1D1S105T2_f0.txt",5,36,15.3462030670712
"376",4.36962178606135,5,25,"Study1D1S105T3_f0.txt",5,36,15.3462030670712
"377",12.6793510495486,6,14,"Study1D1S105T4_f0.txt",5,36,15.3462030670712
"378",5.10517059149938,3,28,"Study1D1S105T5_f0.txt",5,36,15.3462030670712
"379",14.2289975974945,9,15,"Study1D1S105T6_f0.txt",5,36,15.3462030670712
"380",11.2858318151108,6,48,"Study1D1S105T7_f0.txt",5,36,15.3462030670712
"381",8.47801014212705,6,32,"Study1D1S105T8_f0.txt",5,36,15.3462030670712
"382",19.1245198623737,8,32,"Study1D1S105T9_f0.txt",5,36,15.3462030670712
"383",19.9691576845671,6,48,"Study1D1S106T1_f0.txt",5,36,15.3462030670712
"384",10.8314823477954,6,42,"Study1D1S106T10_f0.txt",5,36,15.3462030670712
"385",17.6755043494539,4,38,"Study1D1S106T2_f0.txt",5,36,15.3462030670712
"386",20.671941259534,8,36,"Study1D1S106T3_f0.txt",5,36,15.3462030670712
"387",16.7748328876568,4,49,"Study1D1S106T4_f0.txt",5,36,15.3462030670712
"388",9.88032865096682,4,36,"Study1D1S106T5_f0.txt",5,36,15.3462030670712
"389",26.9214117486505,8,49,"Study1D1S106T6_f0.txt",5,36,15.3462030670712
"390",22.6027656750302,8,35,"Study1D1S106T7_f0.txt",5,36,15.3462030670712
"391",3.73896414041365,4,36,"Study1D1S106T8_f0.txt",5,36,15.3462030670712
"392",22.3222406626289,6,36,"Study1D1S106T9_f0.txt",5,36,15.3462030670712
"393",12.1177809030308,4,35,"Study1D1S107T1_f0.txt",5,36,15.3462030670712
"394",NA,NA,NA,"Study1D1S107T10_f0.txt",5,36,15.3462030670712
"395",21.6411065620986,4,29,"Study1D1S107T2_f0.txt",5,36,15.3462030670712
"396",NA,NA,NA,"Study1D1S107T3_f0.txt",5,36,15.3462030670712
"397",12.1180231656146,3,41,"Study1D1S107T4_f0.txt",5,36,15.3462030670712
"398",NA,NA,NA,"Study1D1S107T5_f0.txt",5,36,15.3462030670712
"399",NA,NA,NA,"Study1D1S107T6_f0.txt",5,36,15.3462030670712
"400",24.2320800845877,8,26,"Study1D1S107T7_f0.txt",5,36,15.3462030670712
"401",12.2681349242402,5,28,"Study1D1S107T8_f0.txt",5,36,15.3462030670712
"402",22.5417275829658,8,43,"Study1D1S107T9_f0.txt",5,36,15.3462030670712
"403",23.5680195309206,5,16,"Study1D1S108T1_f0.txt",5,36,15.3462030670712
"404",16.5450912107395,4,26,"Study1D1S108T10_f0.txt",5,36,15.3462030670712
"405",24.8407655574737,4,21,"Study1D1S108T2_f0.txt",5,36,15.3462030670712
"406",10.1718573466465,3,39,"Study1D1S108T3_f0.txt",5,36,15.3462030670712
"407",18.4014921299553,4,45,"Study1D1S108T4_f0.txt",5,36,15.3462030670712
"408",17.1352688604729,4,43,"Study1D1S108T5_f0.txt",5,36,15.3462030670712
"409",37.6869963259927,7,41,"Study1D1S108T6_f0.txt",5,36,15.3462030670712
"410",24.9620768731275,4,42,"Study1D1S108T7_f0.txt",5,36,15.3462030670712
"411",24.5039659106369,5,25,"Study1D1S108T8_f0.txt",5,36,15.3462030670712
"412",26.2871406356448,4,32,"Study1D1S108T9_f0.txt",5,36,15.3462030670712
"413",24.1984117256241,6,49,"Study1D1S109T1_f0.txt",5,36,15.3462030670712
"414",6.41762204989085,4,20,"Study1D1S109T10_f0.txt",5,36,15.3462030670712
"415",6.9417508335193,3,10,"Study1D1S109T2_f0.txt",5,36,15.3462030670712
"416",2.5053361542206,2,19,"Study1D1S109T3_f0.txt",5,36,15.3462030670712
"417",NA,NA,NA,"Study1D1S109T4_f0.txt",5,36,15.3462030670712
"418",NA,NA,NA,"Study1D1S109T5_f0.txt",5,36,15.3462030670712
"419",13.5718062806007,5,23,"Study1D1S109T6_f0.txt",5,36,15.3462030670712
"420",6.66768104468148,3,31,"Study1D1S109T7_f0.txt",5,36,15.3462030670712
"421",NA,NA,NA,"Study1D1S109T8_f0.txt",5,36,15.3462030670712
"422",5.37987032035932,3,24,"Study1D1S109T9_f0.txt",5,36,15.3462030670712
"423",NA,NA,NA,"Study1D1S110T1_f0.txt",5,36,15.3462030670712
"424",NA,NA,NA,"Study1D1S110T10_f0.txt",5,36,15.3462030670712
"425",15.3462030670712,4,47,"Study1D1S110T2_f0.txt",5,36,15.3462030670712
"426",NA,NA,NA,"Study1D1S110T3_f0.txt",5,36,15.3462030670712
"427",7.5801032757588,3,34,"Study1D1S110T4_f0.txt",5,36,15.3462030670712
"428",NA,NA,NA,"Study1D1S110T5_f0.txt",5,36,15.3462030670712
"429",3.66973008892717,2,21,"Study1D1S110T6_f0.txt",5,36,15.3462030670712
"430",9.90107782859836,4,33,"Study1D1S110T7_f0.txt",5,36,15.3462030670712
"431",23.2367450780787,3,16,"Study1D1S110T8_f0.txt",5,36,15.3462030670712
"432",25.333230324737,6,30,"Study1D1S110T9_f0.txt",5,36,15.3462030670712
"433",26.9470769426939,4,45,"Study1D1S111T1_f0.txt",5,36,15.3462030670712
"434",20.8172815328984,4,16,"Study1D1S111T10_f0.txt",5,36,15.3462030670712
"435",82.3290651127186,12,34,"Study1D1S111T2_f0.txt",5,36,15.3462030670712
"436",14.957530941722,3,43,"Study1D1S111T3_f0.txt",5,36,15.3462030670712
"437",31.6364834427675,4,45,"Study1D1S111T4_f0.txt",5,36,15.3462030670712
"438",NA,NA,NA,"Study1D1S111T5_f0.txt",5,36,15.3462030670712
"439",25.4133241529866,5,28,"Study1D1S111T6_f0.txt",5,36,15.3462030670712
"440",28.171934440066,4,27,"Study1D1S111T7_f0.txt",5,36,15.3462030670712
"441",NA,NA,NA,"Study1D1S111T8_f0.txt",5,36,15.3462030670712
"442",NA,NA,NA,"Study1D1S111T9_f0.txt",5,36,15.3462030670712
"443",3.9828065508393,3,49,"Study1D1S112T1_f0.txt",5,36,15.3462030670712
"444",3.61296866886776,3,14,"Study1D1S112T10_f0.txt",5,36,15.3462030670712
"445",7.21385859194536,6,46,"Study1D1S112T2_f0.txt",5,36,15.3462030670712
"446",NA,NA,NA,"Study1D1S112T3_f0.txt",5,36,15.3462030670712
"447",7.04926218718244,6,21,"Study1D1S112T4_f0.txt",5,36,15.3462030670712
"448",4.78917914947126,4,35,"Study1D1S112T5_f0.txt",5,36,15.3462030670712
"449",4.74122782480276,4,31,"Study1D1S112T6_f0.txt",5,36,15.3462030670712
"450",7.19667715219906,6,34,"Study1D1S112T7_f0.txt",5,36,15.3462030670712
"451",4.7233628313316,4,43,"Study1D1S112T8_f0.txt",5,36,15.3462030670712
"452",9.91011290067625,7,37,"Study1D1S112T9_f0.txt",5,36,15.3462030670712
"453",13.2175852681799,5,18,"Study1D1S113T1_f0.txt",5,36,15.3462030670712
"454",NA,NA,NA,"Study1D1S113T10_f0.txt",5,36,15.3462030670712
"455",9.45144420883919,6,24,"Study1D1S113T2_f0.txt",5,36,15.3462030670712
"456",20.3999946950117,7,35,"Study1D1S113T3_f0.txt",5,36,15.3462030670712
"457",17.3917613190461,3,23,"Study1D1S113T4_f0.txt",5,36,15.3462030670712
"458",21.7970170592527,8,10,"Study1D1S113T5_f0.txt",5,36,15.3462030670712
"459",30.8258500375278,9,30,"Study1D1S113T6_f0.txt",5,36,15.3462030670712
"460",20.743692210029,6,38,"Study1D1S113T7_f0.txt",5,36,15.3462030670712
"461",NA,NA,NA,"Study1D1S113T8_f0.txt",5,36,15.3462030670712
"462",NA,NA,NA,"Study1D1S113T9_f0.txt",5,36,15.3462030670712
"463",19.7460680684937,4,40,"Study1D1S114T1_f0.txt",5,36,15.3462030670712
"464",NA,NA,NA,"Study1D1S114T10_f0.txt",5,36,15.3462030670712
"465",21.5478677236654,7,49,"Study1D1S114T2_f0.txt",5,36,15.3462030670712
"466",19.3300754380109,4,40,"Study1D1S114T3_f0.txt",5,36,15.3462030670712
"467",NA,NA,NA,"Study1D1S114T4_f0.txt",5,36,15.3462030670712
"468",18.3302460117964,5,20,"Study1D1S114T5_f0.txt",5,36,15.3462030670712
"469",14.8614284856013,4,49,"Study1D1S114T6_f0.txt",5,36,15.3462030670712
"470",18.9535291344584,4,29,"Study1D1S114T7_f0.txt",5,36,15.3462030670712
"471",8.69449702643058,5,10,"Study1D1S114T8_f0.txt",5,36,15.3462030670712
"472",25.0357141160599,5,18,"Study1D1S114T9_f0.txt",5,36,15.3462030670712
"473",34.7720940696716,7,43,"Study1D1S115T1_f0.txt",5,36,15.3462030670712
"474",23.911852319558,7,15,"Study1D1S115T10_f0.txt",5,36,15.3462030670712
"475",33.0440114598611,7,42,"Study1D1S115T2_f0.txt",5,36,15.3462030670712
"476",30.4548633479179,6,49,"Study1D1S115T3_f0.txt",5,36,15.3462030670712
"477",43.0063813563324,9,27,"Study1D1S115T4_f0.txt",5,36,15.3462030670712
"478",17.2987031574623,7,48,"Study1D1S115T5_f0.txt",5,36,15.3462030670712
"479",20.0918113082401,5,27,"Study1D1S115T6_f0.txt",5,36,15.3462030670712
"480",25.6178824698735,5,33,"Study1D1S115T7_f0.txt",5,36,15.3462030670712
"481",9.61406593575099,3,38,"Study1D1S115T8_f0.txt",5,36,15.3462030670712
"482",36.5321012425333,8,48,"Study1D1S115T9_f0.txt",5,36,15.3462030670712
"483",NA,NA,NA,"Study1D1S116T1_f0.txt",5,36,15.3462030670712
"484",NA,NA,NA,"Study1D1S116T10_f0.txt",5,36,15.3462030670712
"485",6.18345948100496,5,32,"Study1D1S116T2_f0.txt",5,36,15.3462030670712
"486",NA,NA,NA,"Study1D1S116T3_f0.txt",5,36,15.3462030670712
"487",13.0981052228137,8,42,"Study1D1S116T4_f0.txt",5,36,15.3462030670712
"488",3.06941518308442,3,22,"Study1D1S116T5_f0.txt",5,36,15.3462030670712
"489",4.70973378673912,6,21,"Study1D1S116T6_f0.txt",5,36,15.3462030670712
"490",6.62487134125026,4,41,"Study1D1S116T7_f0.txt",5,36,15.3462030670712
"491",10.2426599358335,7,12,"Study1D1S116T8_f0.txt",5,36,15.3462030670712
"492",8.70609149734368,4,31,"Study1D1S116T9_f0.txt",5,36,15.3462030670712
"493",16.3303675204268,6,22,"Study1D1S117T1_f0.txt",5,36,15.3462030670712
"494",8.09183494604137,7,43,"Study1D1S117T10_f0.txt",5,36,15.3462030670712
"495",25.5113936725006,10,23,"Study1D1S117T2_f0.txt",5,36,15.3462030670712
"496",8.01937790139562,6,45,"Study1D1S117T3_f0.txt",5,36,15.3462030670712
"497",13.163909307859,6,17,"Study1D1S117T4_f0.txt",5,36,15.3462030670712
"498",4.50956158368912,5,15,"Study1D1S117T5_f0.txt",5,36,15.3462030670712
"499",19.1158439161798,10,46,"Study1D1S117T6_f0.txt",5,36,15.3462030670712
"500",9.57042327598349,4,46,"Study1D1S117T7_f0.txt",5,36,15.3462030670712
"501",6.94869487162824,4,24,"Study1D1S117T8_f0.txt",5,36,15.3462030670712
"502",10.2727786206256,4,38,"Study1D1S117T9_f0.txt",5,36,15.3462030670712
"503",35.8334471344791,4,20,"Study1D1S118T1_f0.txt",5,36,15.3462030670712
"504",9.43323177400895,4,32,"Study1D1S118T10_f0.txt",5,36,15.3462030670712
"505",26.975222403046,3,28,"Study1D1S118T2_f0.txt",5,36,15.3462030670712
"506",41.1572614730458,9,30,"Study1D1S118T3_f0.txt",5,36,15.3462030670712
"507",26.2021356004104,3,45,"Study1D1S118T4_f0.txt",5,36,15.3462030670712
"508",27.9994195241477,4,26,"Study1D1S118T5_f0.txt",5,36,15.3462030670712
"509",29.4666758011031,5,36,"Study1D1S118T6_f0.txt",5,36,15.3462030670712
"510",23.2852060756348,3,25,"Study1D1S118T7_f0.txt",5,36,15.3462030670712
"511",15.4848447084943,3,14,"Study1D1S118T8_f0.txt",5,36,15.3462030670712
"512",28.8537891546205,5,46,"Study1D1S118T9_f0.txt",5,36,15.3462030670712
"513",7.5421640976071,3,19,"Study1D1S119T1_f0.txt",5,36,15.3462030670712
"514",1.47203384748137,2,45,"Study1D1S119T10_f0.txt",5,36,15.3462030670712
"515",14.3480711774594,7,48,"Study1D1S119T2_f0.txt",5,36,15.3462030670712
"516",11.2222583306646,4,26,"Study1D1S119T3_f0.txt",5,36,15.3462030670712
"517",NA,NA,NA,"Study1D1S119T4_f0.txt",5,36,15.3462030670712
"518",NA,NA,NA,"Study1D1S119T5_f0.txt",5,36,15.3462030670712
"519",8.15825152967679,4,43,"Study1D1S119T6_f0.txt",5,36,15.3462030670712
"520",17.394253160343,4,30,"Study1D1S119T7_f0.txt",5,36,15.3462030670712
"521",15.7362470180556,5,12,"Study1D1S119T8_f0.txt",5,36,15.3462030670712
"522",52.0569811178663,18,32,"Study1D1S119T9_f0.txt",5,36,15.3462030670712
"523",5.41353524770352,3,13,"Study1D1S120T1_f0.txt",5,36,15.3462030670712
"524",NA,NA,NA,"Study1D1S120T10_f0.txt",5,36,15.3462030670712
"525",15.5478075252946,6,20,"Study1D1S120T2_f0.txt",5,36,15.3462030670712
"526",6.11620959541052,5,16,"Study1D1S120T3_f0.txt",5,36,15.3462030670712
"527",19.5347690413562,9,49,"Study1D1S120T4_f0.txt",5,36,15.3462030670712
"528",12.8298729924245,6,22,"Study1D1S120T5_f0.txt",5,36,15.3462030670712
"529",17.5763372197264,5,23,"Study1D1S120T6_f0.txt",5,36,15.3462030670712
"530",7.272486651039,8,27,"Study1D1S120T7_f0.txt",5,36,15.3462030670712
"531",18.8319860713584,8,20,"Study1D1S120T8_f0.txt",5,36,15.3462030670712
"532",2.43599610808902,2,35,"Study1D1S120T9_f0.txt",5,36,15.3462030670712
"533",NA,NA,NA,"Study1D1S121T1_f0.txt",5,36,15.3462030670712
"534",35.7831452456243,8,49,"Study1D1S121T10_f0.txt",5,36,15.3462030670712
"535",NA,NA,NA,"Study1D1S121T2_f0.txt",5,36,15.3462030670712
"536",14.4150972390463,4,22,"Study1D1S121T3_f0.txt",5,36,15.3462030670712
"537",NA,NA,NA,"Study1D1S121T4_f0.txt",5,36,15.3462030670712
"538",NA,NA,NA,"Study1D1S121T5_f0.txt",5,36,15.3462030670712
"539",NA,NA,NA,"Study1D1S121T6_f0.txt",5,36,15.3462030670712
"540",NA,NA,NA,"Study1D1S121T7_f0.txt",5,36,15.3462030670712
"541",9.9699729642621,6,13,"Study1D1S121T8_f0.txt",5,36,15.3462030670712
"542",11.8838135162656,3,42,"Study1D1S121T9_f0.txt",5,36,15.3462030670712
"543",6.68420474842536,4,24,"Study1D1S122T1_f0.txt",5,36,15.3462030670712
"544",1.91088083046732,2,45,"Study1D1S122T10_f0.txt",5,36,15.3462030670712
"545",12.360134932868,6,49,"Study1D1S122T2_f0.txt",5,36,15.3462030670712
"546",4.69592703330756,4,47,"Study1D1S122T3_f0.txt",5,36,15.3462030670712
"547",6.94253014510128,3,49,"Study1D1S122T4_f0.txt",5,36,15.3462030670712
"548",4.06249839720881,5,38,"Study1D1S122T5_f0.txt",5,36,15.3462030670712
"549",12.0294771403306,6,49,"Study1D1S122T6_f0.txt",5,36,15.3462030670712
"550",13.5547780192333,7,33,"Study1D1S122T7_f0.txt",5,36,15.3462030670712
"551",NA,NA,NA,"Study1D1S122T8_f0.txt",5,36,15.3462030670712
"552",11.7132624306256,6,34,"Study1D1S122T9_f0.txt",5,36,15.3462030670712
"553",NA,NA,NA,"Study1D1S123T1_f0.txt",5,36,15.3462030670712
"554",NA,NA,NA,"Study1D1S123T10_f0.txt",5,36,15.3462030670712
"555",NA,NA,NA,"Study1D1S123T2_f0.txt",5,36,15.3462030670712
"556",NA,NA,NA,"Study1D1S123T3_f0.txt",5,36,15.3462030670712
"557",23.5658563852996,8,14,"Study1D1S123T4_f0.txt",5,36,15.3462030670712
"558",NA,NA,NA,"Study1D1S123T5_f0.txt",5,36,15.3462030670712
"559",NA,NA,NA,"Study1D1S123T6_f0.txt",5,36,15.3462030670712
"560",19.6979077411638,6,18,"Study1D1S123T7_f0.txt",5,36,15.3462030670712
"561",NA,NA,NA,"Study1D1S123T8_f0.txt",5,36,15.3462030670712
"562",74.1813270319272,12,48,"Study1D1S123T9_f0.txt",5,36,15.3462030670712
"563",9.11757759523913,3,11,"Study1D1S124T1_f0.txt",5,36,15.3462030670712
"564",10.4888658342073,5,16,"Study1D1S124T10_f0.txt",5,36,15.3462030670712
"565",NA,NA,NA,"Study1D1S124T2_f0.txt",5,36,15.3462030670712
"566",8.20349937480606,4,32,"Study1D1S124T3_f0.txt",5,36,15.3462030670712
"567",NA,NA,NA,"Study1D1S124T4_f0.txt",5,36,15.3462030670712
"568",NA,NA,NA,"Study1D1S124T5_f0.txt",5,36,15.3462030670712
"569",30.4208623288994,14,18,"Study1D1S124T6_f0.txt",5,36,15.3462030670712
"570",8.32771931328183,4,26,"Study1D1S124T7_f0.txt",5,36,15.3462030670712
"571",23.4281264586687,10,40,"Study1D1S124T8_f0.txt",5,36,15.3462030670712
"572",NA,NA,NA,"Study1D1S124T9_f0.txt",5,36,15.3462030670712
"573",21.544127392152,5,29,"Study1D1S125T1_f0.txt",5,36,15.3462030670712
"574",10.1117349145284,4,36,"Study1D1S125T10_f0.txt",5,36,15.3462030670712
"575",NA,NA,NA,"Study1D1S125T2_f0.txt",5,36,15.3462030670712
"576",12.9742654598572,4,19,"Study1D1S125T3_f0.txt",5,36,15.3462030670712
"577",21.4427154237505,6,48,"Study1D1S125T4_f0.txt",5,36,15.3462030670712
"578",5.2767600999811,2,14,"Study1D1S125T5_f0.txt",5,36,15.3462030670712
"579",18.2444084550919,8,49,"Study1D1S125T6_f0.txt",5,36,15.3462030670712
"580",35.3076647499615,8,24,"Study1D1S125T7_f0.txt",5,36,15.3462030670712
"581",NA,NA,NA,"Study1D1S125T8_f0.txt",5,36,15.3462030670712
"582",NA,NA,NA,"Study1D1S125T9_f0.txt",5,36,15.3462030670712
"583",4.59499250808834,3,48,"Study1D1S126T1_f0.txt",5,36,15.3462030670712
"584",11.1647734182591,4,28,"Study1D1S126T10_f0.txt",5,36,15.3462030670712
"585",11.0228985707203,3,49,"Study1D1S126T2_f0.txt",5,36,15.3462030670712
"586",10.7292617998113,3,48,"Study1D1S126T3_f0.txt",5,36,15.3462030670712
"587",13.4930982336844,4,25,"Study1D1S126T4_f0.txt",5,36,15.3462030670712
"588",NA,NA,NA,"Study1D1S126T5_f0.txt",5,36,15.3462030670712
"589",16.9392247324074,4,42,"Study1D1S126T6_f0.txt",5,36,15.3462030670712
"590",13.679013476587,4,36,"Study1D1S126T7_f0.txt",5,36,15.3462030670712
"591",16.1527334573173,4,47,"Study1D1S126T8_f0.txt",5,36,15.3462030670712
"592",17.3783496760223,4,33,"Study1D1S126T9_f0.txt",5,36,15.3462030670712
"593",13.129562187107,6,21,"Study1D1S127T1_f0.txt",5,36,15.3462030670712
"594",8.70612039131817,5,11,"Study1D1S127T10_f0.txt",5,36,15.3462030670712
"595",11.1510206273606,4,32,"Study1D1S127T2_f0.txt",5,36,15.3462030670712
"596",10.8027567105865,4,45,"Study1D1S127T3_f0.txt",5,36,15.3462030670712
"597",17.6059941032725,7,33,"Study1D1S127T4_f0.txt",5,36,15.3462030670712
"598",NA,NA,NA,"Study1D1S127T5_f0.txt",5,36,15.3462030670712
"599",14.70342913729,6,37,"Study1D1S127T6_f0.txt",5,36,15.3462030670712
"600",16.1334456441223,8,37,"Study1D1S127T7_f0.txt",5,36,15.3462030670712
"601",NA,NA,NA,"Study1D1S127T8_f0.txt",5,36,15.3462030670712
"602",13.4823981555235,5,44,"Study1D1S127T9_f0.txt",5,36,15.3462030670712
"603",NA,NA,NA,"Study1D1S128T1_f0.txt",5,36,15.3462030670712
"604",7.53469833548597,4,32,"Study1D1S128T10_f0.txt",5,36,15.3462030670712
"605",9.44503652470652,5,40,"Study1D1S128T2_f0.txt",5,36,15.3462030670712
"606",16.2361258933188,9,49,"Study1D1S128T3_f0.txt",5,36,15.3462030670712
"607",4.13336448117334,4,13,"Study1D1S128T4_f0.txt",5,36,15.3462030670712
"608",2.19445280926242,2,29,"Study1D1S128T5_f0.txt",5,36,15.3462030670712
"609",14.928674960751,6,16,"Study1D1S128T6_f0.txt",5,36,15.3462030670712
"610",NA,NA,NA,"Study1D1S128T7_f0.txt",5,36,15.3462030670712
"611",2.31049004155286,2,32,"Study1D1S128T8_f0.txt",5,36,15.3462030670712
"612",2.57097142213076,2,20,"Study1D1S128T9_f0.txt",5,36,15.3462030670712
"613",NA,NA,NA,"Study1D1S129T1_f0.txt",5,36,15.3462030670712
"614",6.54373487195292,5,13,"Study1D1S129T10_f0.txt",5,36,15.3462030670712
"615",5.37116364619151,7,25,"Study1D1S129T2_f0.txt",5,36,15.3462030670712
"616",6.39053372380956,6,47,"Study1D1S129T3_f0.txt",5,36,15.3462030670712
"617",4.39263190087178,3,22,"Study1D1S129T4_f0.txt",5,36,15.3462030670712
"618",NA,NA,NA,"Study1D1S129T5_f0.txt",5,36,15.3462030670712
"619",8.53762797081004,7,30,"Study1D1S129T6_f0.txt",5,36,15.3462030670712
"620",6.08016947098337,4,18,"Study1D1S129T7_f0.txt",5,36,15.3462030670712
"621",6.56272532976131,6,39,"Study1D1S129T8_f0.txt",5,36,15.3462030670712
"622",8.02808671450565,6,32,"Study1D1S129T9_f0.txt",5,36,15.3462030670712
"623",NA,NA,NA,"Study1D1S130T1_f0.txt",5,36,15.3462030670712
"624",22.4770318199368,8,43,"Study1D1S130T2_f0.txt",5,36,15.3462030670712
"625",8.50266706405168,4,48,"Study1D1S130T3_f0.txt",5,36,15.3462030670712
"626",8.00438833418111,4,16,"Study1D1S130T4_f0.txt",5,36,15.3462030670712
"627",7.73517727719759,4,15,"Study1D1S130T5_f0.txt",5,36,15.3462030670712
"628",9.46891313108883,4,14,"Study1D1S130T6_f0.txt",5,36,15.3462030670712
"629",18.2712935334635,6,37,"Study1D1S131T1_f0.txt",5,36,15.3462030670712
"630",NA,NA,NA,"Study1D1S131T10_f0.txt",5,36,15.3462030670712
"631",5.4911818533714,3,41,"Study1D1S131T2_f0.txt",5,36,15.3462030670712
"632",NA,NA,NA,"Study1D1S131T3_f0.txt",5,36,15.3462030670712
"633",14.5184825400232,6,48,"Study1D1S131T4_f0.txt",5,36,15.3462030670712
"634",8.50463646391919,4,50,"Study1D1S131T5_f0.txt",5,36,15.3462030670712
"635",8.8185293014718,4,32,"Study1D1S131T6_f0.txt",5,36,15.3462030670712
"636",14.3005689381522,4,32,"Study1D1S131T7_f0.txt",5,36,15.3462030670712
"637",5.10480959789325,3,10,"Study1D1S131T8_f0.txt",5,36,15.3462030670712
"638",22.0778592582473,6,50,"Study1D1S131T9_f0.txt",5,36,15.3462030670712
"639",9.24163671126753,4,23,"Study1D1S132T1_f0.txt",5,36,15.3462030670712
"640",20.452849751981,7,43,"Study1D1S132T10_f0.txt",5,36,15.3462030670712
"641",8.04420161773536,4,33,"Study1D1S132T2_f0.txt",5,36,15.3462030670712
"642",20.6461598181656,6,15,"Study1D1S132T3_f0.txt",5,36,15.3462030670712
"643",48.9966535586461,11,35,"Study1D1S132T4_f0.txt",5,36,15.3462030670712
"644",3.67191731411664,4,20,"Study1D1S132T5_f0.txt",5,36,15.3462030670712
"645",28.5954489113135,11,28,"Study1D1S132T6_f0.txt",5,36,15.3462030670712
"646",12.6483851396372,4,36,"Study1D1S132T7_f0.txt",5,36,15.3462030670712
"647",3.04511075967246,5,39,"Study1D1S132T8_f0.txt",5,36,15.3462030670712
"648",9.31525050148157,4,49,"Study1D1S132T9_f0.txt",5,36,15.3462030670712
"649",NA,NA,NA,"Study1D1S133T1_f0.txt",5,36,15.3462030670712
"650",11.4274029907895,7,39,"Study1D1S133T2_f0.txt",5,36,15.3462030670712
"651",NA,NA,NA,"Study1D1S133T3_f0.txt",5,36,15.3462030670712
"652",6.11941553820741,4,39,"Study1D1S133T4_f0.txt",5,36,15.3462030670712
"653",NA,NA,NA,"Study1D1S133T5_f0.txt",5,36,15.3462030670712
"654",10.2080764191363,6,48,"Study1D1S133T6_f0.txt",5,36,15.3462030670712
"655",9.45996407623747,4,37,"Study1D1S133T7_f0.txt",5,36,15.3462030670712
"656",NA,NA,NA,"Study1D1S133T8_f0.txt",5,36,15.3462030670712
"657",NA,NA,NA,"Study1D1S133T9_f0.txt",5,36,15.3462030670712
"658",9.66442155117963,6,50,"Study1D1S134T1_f0.txt",5,36,15.3462030670712
"659",8.45972147452195,6,49,"Study1D1S134T10_f0.txt",5,36,15.3462030670712
"660",5.74016379647011,3,28,"Study1D1S134T2_f0.txt",5,36,15.3462030670712
"661",17.3573025524801,8,11,"Study1D1S134T3_f0.txt",5,36,15.3462030670712
"662",22.6567198322101,10,48,"Study1D1S134T4_f0.txt",5,36,15.3462030670712
"663",11.0013411773462,4,37,"Study1D1S134T5_f0.txt",5,36,15.3462030670712
"664",6.7390412995575,3,43,"Study1D1S134T6_f0.txt",5,36,15.3462030670712
"665",8.53859049970134,4,27,"Study1D1S134T7_f0.txt",5,36,15.3462030670712
"666",NA,NA,NA,"Study1D1S134T8_f0.txt",5,36,15.3462030670712
"667",26.3403679069979,13,35,"Study1D1S134T9_f0.txt",5,36,15.3462030670712
"668",NA,NA,NA,"Study1D1S135T1_f0.txt",5,36,15.3462030670712
"669",NA,NA,NA,"Study1D1S135T10_f0.txt",5,36,15.3462030670712
"670",NA,NA,NA,"Study1D1S135T2_f0.txt",5,36,15.3462030670712
"671",NA,NA,NA,"Study1D1S135T3_f0.txt",5,36,15.3462030670712
"672",NA,NA,NA,"Study1D1S135T4_f0.txt",5,36,15.3462030670712
"673",2.55143617142037,2,35,"Study1D1S135T5_f0.txt",5,36,15.3462030670712
"674",17.048817043262,5,35,"Study1D1S135T6_f0.txt",5,36,15.3462030670712
"675",4.78774320656205,2,47,"Study1D1S135T7_f0.txt",5,36,15.3462030670712
"676",NA,NA,NA,"Study1D1S135T8_f0.txt",5,36,15.3462030670712
"677",12.4220515883507,4,17,"Study1D1S135T9_f0.txt",5,36,15.3462030670712
"678",19.6782498737001,9,25,"Study1D1S136T1_f0.txt",5,36,15.3462030670712
"679",NA,NA,NA,"Study1D1S136T10_f0.txt",5,36,15.3462030670712
"680",31.8865760929426,9,47,"Study1D1S136T2_f0.txt",5,36,15.3462030670712
"681",6.66255738043344,3,27,"Study1D1S136T3_f0.txt",5,36,15.3462030670712
"682",19.0423479055833,7,38,"Study1D1S136T4_f0.txt",5,36,15.3462030670712
"683",11.8010018360504,4,11,"Study1D1S136T5_f0.txt",5,36,15.3462030670712
"684",9.12416773579107,4,49,"Study1D1S136T6_f0.txt",5,36,15.3462030670712
"685",21.598712795508,8,47,"Study1D1S136T7_f0.txt",5,36,15.3462030670712
"686",7.2077674436226,10,26,"Study1D1S136T8_f0.txt",5,36,15.3462030670712
"687",19.7844927186924,4,25,"Study1D1S136T9_f0.txt",5,36,15.3462030670712
"688",2.02644147426276,2,14,"Study2D0S201T1_f0.txt",5,36,15.3462030670712
"689",8.06504064157238,3,36,"Study2D0S201T2_f0.txt",5,36,15.3462030670712
"690",NA,NA,NA,"Study2D0S201T3_f0.txt",5,36,15.3462030670712
"691",30.3673341429515,5,49,"Study2D0S201T4_f0.txt",5,36,15.3462030670712
"692",32.6448806344924,5,39,"Study2D0S201T5_f0.txt",5,36,15.3462030670712
"693",5.26079415869439,12,31,"Study2D0S201T6_f0.txt",5,36,15.3462030670712
"694",NA,NA,NA,"Study2D0S201T7_f0.txt",5,36,15.3462030670712
"695",3.03154770798172,4,27,"Study2D0S201T8_f0.txt",5,36,15.3462030670712
"696",NA,NA,NA,"Study2D0S202T1_f0.txt",5,36,15.3462030670712
"697",17.7037264373398,3,25,"Study2D0S202T2_f0.txt",5,36,15.3462030670712
"698",23.2556512331798,6,39,"Study2D0S202T3_f0.txt",5,36,15.3462030670712
"699",19.9481745386133,7,36,"Study2D0S202T4_f0.txt",5,36,15.3462030670712
"700",6.91634396327565,4,45,"Study2D0S202T5_f0.txt",5,36,15.3462030670712
"701",NA,NA,NA,"Study2D0S202T6_f0.txt",5,36,15.3462030670712
"702",NA,NA,NA,"Study2D0S202T7_f0.txt",5,36,15.3462030670712
"703",NA,NA,NA,"Study2D0S202T8_f0.txt",5,36,15.3462030670712
"704",33.941157328514,5,39,"Study2D0S203T1_f0.txt",5,36,15.3462030670712
"705",20.4600897386063,3,41,"Study2D0S203T2_f0.txt",5,36,15.3462030670712
"706",23.7938349463674,7,16,"Study2D0S203T3_f0.txt",5,36,15.3462030670712
"707",NA,NA,NA,"Study2D0S203T4_f0.txt",5,36,15.3462030670712
"708",43.4838473835255,8,24,"Study2D0S203T5_f0.txt",5,36,15.3462030670712
"709",20.8969123788724,5,16,"Study2D0S203T6_f0.txt",5,36,15.3462030670712
"710",28.8383299209557,4,49,"Study2D0S203T7_f0.txt",5,36,15.3462030670712
"711",NA,NA,NA,"Study2D0S203T8_f0.txt",5,36,15.3462030670712
"712",NA,NA,NA,"Study2D0S204T1_f0.txt",5,36,15.3462030670712
"713",9.41895180396904,3,23,"Study2D0S204T2_f0.txt",5,36,15.3462030670712
"714",8.5471543769849,5,22,"Study2D0S204T3_f0.txt",5,36,15.3462030670712
"715",NA,NA,NA,"Study2D0S204T4_f0.txt",5,36,15.3462030670712
"716",13.2693355464046,3,34,"Study2D0S204T5_f0.txt",5,36,15.3462030670712
"717",12.1966590043494,11,25,"Study2D0S204T6_f0.txt",5,36,15.3462030670712
"718",NA,NA,NA,"Study2D0S204T7_f0.txt",5,36,15.3462030670712
"719",66.8793379194091,5,22,"Study2D0S204T8_f0.txt",5,36,15.3462030670712
"720",13.8809481416856,3,27,"Study2D0S205T1_f0.txt",5,36,15.3462030670712
"721",6.16403919115984,4,39,"Study2D0S205T2_f0.txt",5,36,15.3462030670712
"722",64.013099471493,13,26,"Study2D0S205T3_f0.txt",5,36,15.3462030670712
"723",75.6006266388864,10,49,"Study2D0S205T4_f0.txt",5,36,15.3462030670712
"724",6.89211989458157,3,40,"Study2D0S205T5_f0.txt",5,36,15.3462030670712
"725",NA,NA,NA,"Study2D0S205T6_f0.txt",5,36,15.3462030670712
"726",12.9111904427302,3,44,"Study2D0S205T7_f0.txt",5,36,15.3462030670712
"727",6.21033934277751,3,27,"Study2D0S205T8_f0.txt",5,36,15.3462030670712
"728",32.6684332834645,15,21,"Study2D0S206T1_f0.txt",5,36,15.3462030670712
"729",20.5724235243358,9,36,"Study2D0S206T2_f0.txt",5,36,15.3462030670712
"730",15.4622055415156,4,35,"Study2D0S206T3_f0.txt",5,36,15.3462030670712
"731",18.7072981257257,7,42,"Study2D0S206T4_f0.txt",5,36,15.3462030670712
"732",NA,NA,NA,"Study2D0S206T5_f0.txt",5,36,15.3462030670712
"733",NA,NA,NA,"Study2D0S206T6_f0.txt",5,36,15.3462030670712
"734",13.4803106480905,4,41,"Study2D0S206T7_f0.txt",5,36,15.3462030670712
"735",5.88758574408188,5,25,"Study2D0S206T8_f0.txt",5,36,15.3462030670712
"736",12.9469919619421,6,49,"Study2D0S207T1_f0.txt",5,36,15.3462030670712
"737",13.5188419373413,4,43,"Study2D0S207T2_f0.txt",5,36,15.3462030670712
"738",26.4352521810253,8,17,"Study2D0S207T3_f0.txt",5,36,15.3462030670712
"739",19.5746329962915,6,41,"Study2D0S207T4_f0.txt",5,36,15.3462030670712
"740",13.7535499987038,5,49,"Study2D0S207T5_f0.txt",5,36,15.3462030670712
"741",12.425211667588,6,23,"Study2D0S207T6_f0.txt",5,36,15.3462030670712
"742",19.8696102132735,6,47,"Study2D0S207T7_f0.txt",5,36,15.3462030670712
"743",10.2554230415163,6,36,"Study2D0S207T8_f0.txt",5,36,15.3462030670712
"744",26.2159723881161,5,17,"Study2D0S208T1_f0.txt",5,36,15.3462030670712
"745",53.7359179764891,17,33,"Study2D0S208T2_f0.txt",5,36,15.3462030670712
"746",14.1721109484091,3,48,"Study2D0S208T3_f0.txt",5,36,15.3462030670712
"747",11.632674305517,4,42,"Study2D0S208T4_f0.txt",5,36,15.3462030670712
"748",16.8074255167484,5,30,"Study2D0S208T5_f0.txt",5,36,15.3462030670712
"749",69.156027907797,17,24,"Study2D0S208T6_f0.txt",5,36,15.3462030670712
"750",NA,NA,NA,"Study2D0S208T7_f0.txt",5,36,15.3462030670712
"751",6.03188021870224,2,20,"Study2D0S208T8_f0.txt",5,36,15.3462030670712
"752",11.6808819789456,3,28,"Study2D0S209T1_f0.txt",5,36,15.3462030670712
"753",28.1817992938832,3,46,"Study2D0S209T2_f0.txt",5,36,15.3462030670712
"754",20.2846833377006,3,40,"Study2D0S209T3_f0.txt",5,36,15.3462030670712
"755",23.5306254994739,3,45,"Study2D0S209T4_f0.txt",5,36,15.3462030670712
"756",7.69704238844683,3,49,"Study2D0S209T5_f0.txt",5,36,15.3462030670712
"757",NA,NA,NA,"Study2D0S209T6_f0.txt",5,36,15.3462030670712
"758",NA,NA,NA,"Study2D0S209T7_f0.txt",5,36,15.3462030670712
"759",17.307770682697,3,33,"Study2D0S209T8_f0.txt",5,36,15.3462030670712
"760",13.5912113815809,4,44,"Study2D0S210T1_f0.txt",5,36,15.3462030670712
"761",10.2588343739216,4,30,"Study2D0S210T2_f0.txt",5,36,15.3462030670712
"762",9.68387945051409,4,28,"Study2D0S210T3_f0.txt",5,36,15.3462030670712
"763",NA,NA,NA,"Study2D0S210T4_f0.txt",5,36,15.3462030670712
"764",9.76437745393869,3,36,"Study2D0S210T5_f0.txt",5,36,15.3462030670712
"765",16.4819818941977,4,25,"Study2D0S210T6_f0.txt",5,36,15.3462030670712
"766",16.1820266251258,4,32,"Study2D0S210T7_f0.txt",5,36,15.3462030670712
"767",14.3276794462678,4,32,"Study2D0S210T8_f0.txt",5,36,15.3462030670712
"768",25.1992616736701,3,35,"Study2D0S211T1_f0.txt",5,36,15.3462030670712
"769",58.5994706913388,4,49,"Study2D0S211T2_f0.txt",5,36,15.3462030670712
"770",39.012211339675,3,49,"Study2D0S211T3_f0.txt",5,36,15.3462030670712
"771",101.434466321735,5,44,"Study2D0S211T4_f0.txt",5,36,15.3462030670712
"772",25.5760303787295,3,46,"Study2D0S211T5_f0.txt",5,36,15.3462030670712
"773",27.1688137836316,3,36,"Study2D0S211T6_f0.txt",5,36,15.3462030670712
"774",12.3400502281681,3,48,"Study2D0S211T7_f0.txt",5,36,15.3462030670712
"775",5.92749974758908,2,38,"Study2D0S211T8_f0.txt",5,36,15.3462030670712
"776",NA,NA,NA,"Study2D0S212T1_f0.txt",5,36,15.3462030670712
"777",16.7139406305157,4,49,"Study2D0S212T2_f0.txt",5,36,15.3462030670712
"778",9.85846629825617,7,18,"Study2D0S212T3_f0.txt",5,36,15.3462030670712
"779",13.138362650306,8,32,"Study2D0S212T4_f0.txt",5,36,15.3462030670712
"780",10.084708621937,4,46,"Study2D0S212T5_f0.txt",5,36,15.3462030670712
"781",NA,NA,NA,"Study2D0S212T6_f0.txt",5,36,15.3462030670712
"782",NA,NA,NA,"Study2D0S212T7_f0.txt",5,36,15.3462030670712
"783",8.6821562268477,6,48,"Study2D0S212T8_f0.txt",5,36,15.3462030670712
"784",NA,NA,NA,"Study2D0S213T1_f0.txt",5,36,15.3462030670712
"785",NA,NA,NA,"Study2D0S213T2_f0.txt",5,36,15.3462030670712
"786",79.2211224746623,14,23,"Study2D0S213T3_f0.txt",5,36,15.3462030670712
"787",77.2827937848794,17,27,"Study2D0S213T4_f0.txt",5,36,15.3462030670712
"788",36.446349465961,9,26,"Study2D0S213T5_f0.txt",5,36,15.3462030670712
"789",20.2743407233988,4,9,"Study2D0S213T6_f0.txt",5,36,15.3462030670712
"790",4.33241031315423,3,44,"Study2D0S213T7_f0.txt",5,36,15.3462030670712
"791",NA,NA,NA,"Study2D0S213T8_f0.txt",5,36,15.3462030670712
"792",24.5636439004712,3,49,"Study2D0S214T1_f0.txt",5,36,15.3462030670712
"793",NA,NA,NA,"Study2D0S214T2_f0.txt",5,36,15.3462030670712
"794",209.571606958044,20,49,"Study2D0S214T3_f0.txt",5,36,15.3462030670712
"795",60.8429093555717,11,26,"Study2D0S214T4_f0.txt",5,36,15.3462030670712
"796",NA,NA,NA,"Study2D0S214T5_f0.txt",5,36,15.3462030670712
"797",23.2400319205906,3,48,"Study2D0S214T6_f0.txt",5,36,15.3462030670712
"798",NA,NA,NA,"Study2D0S214T7_f0.txt",5,36,15.3462030670712
"799",42.5770769763371,5,29,"Study2D0S214T8_f0.txt",5,36,15.3462030670712
"800",NA,NA,NA,"Study2D0S215T1_f0.txt",5,36,15.3462030670712
"801",8.1543741659882,7,45,"Study2D0S215T2_f0.txt",5,36,15.3462030670712
"802",NA,NA,NA,"Study2D0S215T3_f0.txt",5,36,15.3462030670712
"803",NA,NA,NA,"Study2D0S215T4_f0.txt",5,36,15.3462030670712
"804",10.2031281986395,5,48,"Study2D0S215T5_f0.txt",5,36,15.3462030670712
"805",3.27407112009467,3,45,"Study2D0S215T6_f0.txt",5,36,15.3462030670712
"806",8.47834708574622,5,38,"Study2D0S215T7_f0.txt",5,36,15.3462030670712
"807",NA,NA,NA,"Study2D0S215T8_f0.txt",5,36,15.3462030670712
"808",18.6101651151264,8,39,"Study2D0S216T1_f0.txt",5,36,15.3462030670712
"809",18.0128734021651,7,48,"Study2D0S216T2_f0.txt",5,36,15.3462030670712
"810",18.1691327578279,8,41,"Study2D0S216T3_f0.txt",5,36,15.3462030670712
"811",25.3430287088726,9,29,"Study2D0S216T4_f0.txt",5,36,15.3462030670712
"812",18.4256944909315,8,41,"Study2D0S216T5_f0.txt",5,36,15.3462030670712
"813",15.8261842827757,8,25,"Study2D0S216T6_f0.txt",5,36,15.3462030670712
"814",NA,NA,NA,"Study2D0S216T7_f0.txt",5,36,15.3462030670712
"815",16.4535603992945,7,23,"Study2D0S216T8_f0.txt",5,36,15.3462030670712
"816",60.1370039174096,18,43,"Study2D0S217T1_f0.txt",5,36,15.3462030670712
"817",NA,NA,NA,"Study2D0S217T2_f0.txt",5,36,15.3462030670712
"818",7.7250014634906,3,39,"Study2D0S217T3_f0.txt",5,36,15.3462030670712
"819",NA,NA,NA,"Study2D0S217T4_f0.txt",5,36,15.3462030670712
"820",79.7356773647827,18,49,"Study2D0S217T5_f0.txt",5,36,15.3462030670712
"821",15.3693355046912,4,35,"Study2D0S217T6_f0.txt",5,36,15.3462030670712
"822",10.3884255735144,3,36,"Study2D0S217T7_f0.txt",5,36,15.3462030670712
"823",7.76053361248507,3,49,"Study2D0S217T8_f0.txt",5,36,15.3462030670712
"824",4.56349737451394,4,49,"Study2D0S218T1_f0.txt",5,36,15.3462030670712
"825",20.0847947336788,10,49,"Study2D0S218T2_f0.txt",5,36,15.3462030670712
"826",11.4773450057765,8,39,"Study2D0S218T3_f0.txt",5,36,15.3462030670712
"827",7.58760836109137,4,25,"Study2D0S218T4_f0.txt",5,36,15.3462030670712
"828",10.9460253527425,6,16,"Study2D0S218T5_f0.txt",5,36,15.3462030670712
"829",NA,NA,NA,"Study2D0S218T6_f0.txt",5,36,15.3462030670712
"830",13.1533304076401,5,38,"Study2D0S218T7_f0.txt",5,36,15.3462030670712
"831",9.08772105450988,5,49,"Study2D0S218T8_f0.txt",5,36,15.3462030670712
"832",11.4809611672889,5,16,"Study2D0S219T1_f0.txt",5,36,15.3462030670712
"833",2.72234920191258,4,47,"Study2D0S219T2_f0.txt",5,36,15.3462030670712
"834",10.7149376841844,5,31,"Study2D0S219T3_f0.txt",5,36,15.3462030670712
"835",NA,NA,NA,"Study2D0S219T4_f0.txt",5,36,15.3462030670712
"836",NA,NA,NA,"Study2D0S219T5_f0.txt",5,36,15.3462030670712
"837",8.05740474778369,7,47,"Study2D0S219T6_f0.txt",5,36,15.3462030670712
"838",6.86283940165649,4,42,"Study2D0S219T7_f0.txt",5,36,15.3462030670712
"839",NA,NA,NA,"Study2D0S219T8_f0.txt",5,36,15.3462030670712
"840",21.3781057788623,3,33,"Study2D0S242T1_f0.txt",5,36,15.3462030670712
"841",NA,NA,NA,"Study2D0S242T2_f0.txt",5,36,15.3462030670712
"842",19.7783969903763,3,49,"Study2D0S242T3_f0.txt",5,36,15.3462030670712
"843",58.196757397382,9,26,"Study2D0S242T4_f0.txt",5,36,15.3462030670712
"844",18.376554668733,3,48,"Study2D0S242T5_f0.txt",5,36,15.3462030670712
"845",32.7151391571495,3,37,"Study2D0S242T6_f0.txt",5,36,15.3462030670712
"846",26.5496610844221,3,31,"Study2D0S242T7_f0.txt",5,36,15.3462030670712
"847",25.0531297924956,3,34,"Study2D0S242T8_f0.txt",5,36,15.3462030670712
"848",21.6931346614681,9,41,"Study2D0S246T1_f0.txt",5,36,15.3462030670712
"849",10.7418351160399,3,49,"Study2D0S246T2_f0.txt",5,36,15.3462030670712
"850",24.2297868663326,9,46,"Study2D0S246T3_f0.txt",5,36,15.3462030670712
"851",9.98540628965613,3,49,"Study2D0S246T4_f0.txt",5,36,15.3462030670712
"852",14.4104442895861,5,36,"Study2D0S246T5_f0.txt",5,36,15.3462030670712
"853",8.72186137858311,3,49,"Study2D0S246T6_f0.txt",5,36,15.3462030670712
"854",12.2897131193702,4,49,"Study2D0S246T7_f0.txt",5,36,15.3462030670712
"855",8.72827707125206,3,46,"Study2D0S246T8_f0.txt",5,36,15.3462030670712
"856",59.6664329065931,10,47,"Study2D0S247T1_f0.txt",5,36,15.3462030670712
"857",21.2474440625758,4,34,"Study2D0S247T2_f0.txt",5,36,15.3462030670712
"858",154.168016722973,17,28,"Study2D0S247T3_f0.txt",5,36,15.3462030670712
"859",17.9644225927065,3,36,"Study2D0S247T4_f0.txt",5,36,15.3462030670712
"860",37.2514429655677,6,26,"Study2D0S247T5_f0.txt",5,36,15.3462030670712
"861",108.552705367008,12,48,"Study2D0S247T6_f0.txt",5,36,15.3462030670712
"862",NA,NA,NA,"Study2D0S247T7_f0.txt",5,36,15.3462030670712
"863",NA,NA,NA,"Study2D0S247T8_f0.txt",5,36,15.3462030670712
"864",12.112656631253,6,17,"Study2D0S248T1_f0.txt",5,36,15.3462030670712
"865",17.1805564534957,8,17,"Study2D0S248T2_f0.txt",5,36,15.3462030670712
"866",4.18523189757751,3,15,"Study2D0S248T3_f0.txt",5,36,15.3462030670712
"867",NA,NA,NA,"Study2D0S248T4_f0.txt",5,36,15.3462030670712
"868",17.259362276842,8,30,"Study2D0S248T5_f0.txt",5,36,15.3462030670712
"869",11.7396381162814,5,21,"Study2D0S248T6_f0.txt",5,36,15.3462030670712
"870",8.67397440605409,6,45,"Study2D0S248T7_f0.txt",5,36,15.3462030670712
"871",8.9122918098253,4,34,"Study2D0S248T8_f0.txt",5,36,15.3462030670712
"872",NA,NA,NA,"Study2D1S201T1_f0.txt",5,36,15.3462030670712
"873",NA,NA,NA,"Study2D1S201T2_f0.txt",5,36,15.3462030670712
"874",NA,NA,NA,"Study2D1S201T3_f0.txt",5,36,15.3462030670712
"875",3.89178258218537,2,33,"Study2D1S201T4_f0.txt",5,36,15.3462030670712
"876",NA,NA,NA,"Study2D1S201T5_f0.txt",5,36,15.3462030670712
"877",3.40023143291495,4,25,"Study2D1S201T6_f0.txt",5,36,15.3462030670712
"878",11.0234300579385,7,49,"Study2D1S201T7_f0.txt",5,36,15.3462030670712
"879",NA,NA,NA,"Study2D1S201T8_f0.txt",5,36,15.3462030670712
"880",NA,NA,NA,"Study2D1S202T1_f0.txt",5,36,15.3462030670712
"881",9.90202113889612,3,38,"Study2D1S202T2_f0.txt",5,36,15.3462030670712
"882",NA,NA,NA,"Study2D1S202T3_f0.txt",5,36,15.3462030670712
"883",23.3549976009392,14,32,"Study2D1S202T4_f0.txt",5,36,15.3462030670712
"884",27.6582102266845,9,17,"Study2D1S202T5_f0.txt",5,36,15.3462030670712
"885",6.69471594670751,7,49,"Study2D1S202T6_f0.txt",5,36,15.3462030670712
"886",16.2523951580948,8,17,"Study2D1S202T7_f0.txt",5,36,15.3462030670712
"887",5.74357539360634,4,49,"Study2D1S202T8_f0.txt",5,36,15.3462030670712
"888",16.0793878958147,4,49,"Study2D1S203T1_f0.txt",5,36,15.3462030670712
"889",20.3506810612775,5,42,"Study2D1S203T2_f0.txt",5,36,15.3462030670712
"890",28.4876307126749,10,18,"Study2D1S203T3_f0.txt",5,36,15.3462030670712
"891",17.0175956619303,4,45,"Study2D1S203T4_f0.txt",5,36,15.3462030670712
"892",17.430700582521,3,43,"Study2D1S203T5_f0.txt",5,36,15.3462030670712
"893",19.1638002705212,3,38,"Study2D1S203T6_f0.txt",5,36,15.3462030670712
"894",22.2868969436908,5,41,"Study2D1S203T7_f0.txt",5,36,15.3462030670712
"895",16.6872696325892,5,40,"Study2D1S203T8_f0.txt",5,36,15.3462030670712
"896",15.8917077899188,4,44,"Study2D1S204T1_f0.txt",5,36,15.3462030670712
"897",NA,NA,NA,"Study2D1S204T2_f0.txt",5,36,15.3462030670712
"898",17.7224403920148,4,27,"Study2D1S204T3_f0.txt",5,36,15.3462030670712
"899",22.4097104166632,3,49,"Study2D1S204T4_f0.txt",5,36,15.3462030670712
"900",17.478669042207,4,44,"Study2D1S204T5_f0.txt",5,36,15.3462030670712
"901",NA,NA,NA,"Study2D1S204T6_f0.txt",5,36,15.3462030670712
"902",19.7787562873026,4,48,"Study2D1S204T7_f0.txt",5,36,15.3462030670712
"903",12.2724786561234,3,30,"Study2D1S204T8_f0.txt",5,36,15.3462030670712
"904",NA,NA,NA,"Study2D1S205T1_f0.txt",5,36,15.3462030670712
"905",NA,NA,NA,"Study2D1S205T2_f0.txt",5,36,15.3462030670712
"906",NA,NA,NA,"Study2D1S205T3_f0.txt",5,36,15.3462030670712
"907",NA,NA,NA,"Study2D1S205T4_f0.txt",5,36,15.3462030670712
"908",NA,NA,NA,"Study2D1S205T5_f0.txt",5,36,15.3462030670712
"909",8.17263959976895,3,48,"Study2D1S205T6_f0.txt",5,36,15.3462030670712
"910",NA,NA,NA,"Study2D1S205T7_f0.txt",5,36,15.3462030670712
"911",NA,NA,NA,"Study2D1S205T8_f0.txt",5,36,15.3462030670712
"912",10.0200948735842,4,45,"Study2D1S206T1_f0.txt",5,36,15.3462030670712
"913",20.6774748281606,14,14,"Study2D1S206T2_f0.txt",5,36,15.3462030670712
"914",6.2380811411944,4,34,"Study2D1S206T3_f0.txt",5,36,15.3462030670712
"915",7.45011870975068,4,36,"Study2D1S206T4_f0.txt",5,36,15.3462030670712
"916",7.11136038999544,4,49,"Study2D1S206T5_f0.txt",5,36,15.3462030670712
"917",7.66795962956026,4,48,"Study2D1S206T6_f0.txt",5,36,15.3462030670712
"918",8.19165550749825,4,48,"Study2D1S206T7_f0.txt",5,36,15.3462030670712
"919",4.69879965163491,4,48,"Study2D1S206T8_f0.txt",5,36,15.3462030670712
"920",7.17514173372552,7,34,"Study2D1S207T1_f0.txt",5,36,15.3462030670712
"921",6.46664966323725,6,44,"Study2D1S207T2_f0.txt",5,36,15.3462030670712
"922",NA,NA,NA,"Study2D1S207T3_f0.txt",5,36,15.3462030670712
"923",10.3843066988836,8,49,"Study2D1S207T4_f0.txt",5,36,15.3462030670712
"924",6.00564121233815,4,49,"Study2D1S207T5_f0.txt",5,36,15.3462030670712
"925",12.0514108888898,4,43,"Study2D1S207T6_f0.txt",5,36,15.3462030670712
"926",NA,NA,NA,"Study2D1S207T7_f0.txt",5,36,15.3462030670712
"927",NA,NA,NA,"Study2D1S207T8_f0.txt",5,36,15.3462030670712
"928",23.0643430363567,9,35,"Study2D1S208T1_f0.txt",5,36,15.3462030670712
"929",NA,NA,NA,"Study2D1S208T2_f0.txt",5,36,15.3462030670712
"930",7.8302153546347,5,10,"Study2D1S208T3_f0.txt",5,36,15.3462030670712
"931",12.2960942926722,4,45,"Study2D1S208T4_f0.txt",5,36,15.3462030670712
"932",27.0614617310411,8,22,"Study2D1S208T5_f0.txt",5,36,15.3462030670712
"933",25.6397379154472,10,27,"Study2D1S208T6_f0.txt",5,36,15.3462030670712
"934",18.3800302844143,5,47,"Study2D1S208T7_f0.txt",5,36,15.3462030670712
"935",NA,NA,NA,"Study2D1S208T8_f0.txt",5,36,15.3462030670712
"936",11.0504762246588,4,13,"Study2D1S209T1_f0.txt",5,36,15.3462030670712
"937",11.0900341723975,3,47,"Study2D1S209T2_f0.txt",5,36,15.3462030670712
"938",6.07212371113641,3,28,"Study2D1S209T3_f0.txt",5,36,15.3462030670712
"939",21.4232555935034,8,21,"Study2D1S209T4_f0.txt",5,36,15.3462030670712
"940",9.71546389151313,4,25,"Study2D1S209T5_f0.txt",5,36,15.3462030670712
"941",14.5126431893593,4,29,"Study2D1S209T6_f0.txt",5,36,15.3462030670712
"942",16.5102193927487,7,46,"Study2D1S209T7_f0.txt",5,36,15.3462030670712
"943",11.7132251160592,4,48,"Study2D1S209T8_f0.txt",5,36,15.3462030670712
"944",NA,NA,NA,"Study2D1S210T1_f0.txt",5,36,15.3462030670712
"945",8.47367222428803,4,49,"Study2D1S210T2_f0.txt",5,36,15.3462030670712
"946",10.64335413997,7,27,"Study2D1S210T3_f0.txt",5,36,15.3462030670712
"947",4.57648162015554,3,18,"Study2D1S210T4_f0.txt",5,36,15.3462030670712
"948",6.88612697796679,4,43,"Study2D1S210T5_f0.txt",5,36,15.3462030670712
"949",4.49115832607675,4,25,"Study2D1S210T6_f0.txt",5,36,15.3462030670712
"950",11.5177976553997,7,41,"Study2D1S210T7_f0.txt",5,36,15.3462030670712
"951",7.14390782664866,4,24,"Study2D1S210T8_f0.txt",5,36,15.3462030670712
"952",17.127269341769,5,17,"Study2D1S211T1_f0.txt",5,36,15.3462030670712
"953",49.3468214715571,9,40,"Study2D1S211T2_f0.txt",5,36,15.3462030670712
"954",3.38552227393917,2,12,"Study2D1S211T3_f0.txt",5,36,15.3462030670712
"955",36.6250441491342,8,42,"Study2D1S211T4_f0.txt",5,36,15.3462030670712
"956",41.5850394265066,9,32,"Study2D1S211T5_f0.txt",5,36,15.3462030670712
"957",20.428470948644,5,16,"Study2D1S211T6_f0.txt",5,36,15.3462030670712
"958",NA,NA,NA,"Study2D1S211T7_f0.txt",5,36,15.3462030670712
"959",9.8936950875343,4,12,"Study2D1S211T8_f0.txt",5,36,15.3462030670712
"960",9.69082275044601,5,18,"Study2D1S212T1_f0.txt",5,36,15.3462030670712
"961",NA,NA,NA,"Study2D1S212T2_f0.txt",5,36,15.3462030670712
"962",NA,NA,NA,"Study2D1S212T3_f0.txt",5,36,15.3462030670712
"963",5.25218184531531,3,38,"Study2D1S212T4_f0.txt",5,36,15.3462030670712
"964",NA,NA,NA,"Study2D1S212T5_f0.txt",5,36,15.3462030670712
"965",0.517014341198049,1,49,"Study2D1S212T6_f0.txt",5,36,15.3462030670712
"966",NA,NA,NA,"Study2D1S212T7_f0.txt",5,36,15.3462030670712
"967",5.76358739888431,5,29,"Study2D1S212T8_f0.txt",5,36,15.3462030670712
"968",10.2252290950937,4,32,"Study2D1S213T1_f0.txt",5,36,15.3462030670712
"969",15.0864152112411,6,28,"Study2D1S213T2_f0.txt",5,36,15.3462030670712
"970",17.2792303883309,8,44,"Study2D1S213T3_f0.txt",5,36,15.3462030670712
"971",11.1924062112152,5,21,"Study2D1S213T4_f0.txt",5,36,15.3462030670712
"972",15.0432608623447,7,21,"Study2D1S213T5_f0.txt",5,36,15.3462030670712
"973",10.2137361795776,4,39,"Study2D1S213T6_f0.txt",5,36,15.3462030670712
"974",17.1448611407088,8,49,"Study2D1S213T7_f0.txt",5,36,15.3462030670712
"975",17.2586061720404,8,25,"Study2D1S213T8_f0.txt",5,36,15.3462030670712
"976",NA,NA,NA,"Study2D1S214T1_f0.txt",5,36,15.3462030670712
"977",31.1055069294131,8,47,"Study2D1S214T2_f0.txt",5,36,15.3462030670712
"978",NA,NA,NA,"Study2D1S214T3_f0.txt",5,36,15.3462030670712
"979",12.6123757904626,4,24,"Study2D1S214T4_f0.txt",5,36,15.3462030670712
"980",19.5272492462623,4,45,"Study2D1S214T5_f0.txt",5,36,15.3462030670712
"981",34.1755717680459,3,49,"Study2D1S214T6_f0.txt",5,36,15.3462030670712
"982",30.0418046441137,10,37,"Study2D1S214T7_f0.txt",5,36,15.3462030670712
"983",7.33393842870174,3,19,"Study2D1S214T8_f0.txt",5,36,15.3462030670712
"984",NA,NA,NA,"Study2D1S215T1_f0.txt",5,36,15.3462030670712
"985",29.3956812998744,8,30,"Study2D1S215T2_f0.txt",5,36,15.3462030670712
"986",NA,NA,NA,"Study2D1S215T3_f0.txt",5,36,15.3462030670712
"987",NA,NA,NA,"Study2D1S215T4_f0.txt",5,36,15.3462030670712
"988",17.662152308224,4,17,"Study2D1S215T5_f0.txt",5,36,15.3462030670712
"989",NA,NA,NA,"Study2D1S215T6_f0.txt",5,36,15.3462030670712
"990",NA,NA,NA,"Study2D1S215T7_f0.txt",5,36,15.3462030670712
"991",NA,NA,NA,"Study2D1S215T8_f0.txt",5,36,15.3462030670712
"992",5.75087170480356,4,48,"Study2D1S216T1_f0.txt",5,36,15.3462030670712
"993",9.81281663404406,5,41,"Study2D1S216T2_f0.txt",5,36,15.3462030670712
"994",8.15126212012508,4,25,"Study2D1S216T3_f0.txt",5,36,15.3462030670712
"995",3.60943797932585,4,49,"Study2D1S216T4_f0.txt",5,36,15.3462030670712
"996",NA,NA,NA,"Study2D1S216T5_f0.txt",5,36,15.3462030670712
"997",NA,NA,NA,"Study2D1S216T6_f0.txt",5,36,15.3462030670712
"998",10.8820849429301,5,25,"Study2D1S216T7_f0.txt",5,36,15.3462030670712
"999",3.3989017528727,5,30,"Study2D1S216T8_f0.txt",5,36,15.3462030670712
"1000",NA,NA,NA,"Study2D1S217T1_f0.txt",5,36,15.3462030670712
"1001",NA,NA,NA,"Study2D1S217T2_f0.txt",5,36,15.3462030670712
"1002",NA,NA,NA,"Study2D1S217T3_f0.txt",5,36,15.3462030670712
"1003",14.7979915340599,9,40,"Study2D1S217T4_f0.txt",5,36,15.3462030670712
"1004",NA,NA,NA,"Study2D1S217T5_f0.txt",5,36,15.3462030670712
"1005",9.29189490490472,7,32,"Study2D1S217T6_f0.txt",5,36,15.3462030670712
"1006",17.946011643568,7,21,"Study2D1S217T7_f0.txt",5,36,15.3462030670712
"1007",13.1813479975379,7,17,"Study2D1S217T8_f0.txt",5,36,15.3462030670712
"1008",7.62016079946964,6,39,"Study2D1S218T1_f0.txt",5,36,15.3462030670712
"1009",6.86076425352741,4,27,"Study2D1S218T2_f0.txt",5,36,15.3462030670712
"1010",NA,NA,NA,"Study2D1S218T3_f0.txt",5,36,15.3462030670712
"1011",7.17255780158047,4,43,"Study2D1S218T4_f0.txt",5,36,15.3462030670712
"1012",10.7361160262212,6,38,"Study2D1S218T5_f0.txt",5,36,15.3462030670712
"1013",10.687939408684,6,45,"Study2D1S218T6_f0.txt",5,36,15.3462030670712
"1014",17.2137256070108,8,48,"Study2D1S218T7_f0.txt",5,36,15.3462030670712
"1015",11.247205226813,4,19,"Study2D1S218T8_f0.txt",5,36,15.3462030670712
"1016",10.2206730791102,6,47,"Study2D1S219T1_f0.txt",5,36,15.3462030670712
"1017",14.6474220855687,8,31,"Study2D1S219T2_f0.txt",5,36,15.3462030670712
"1018",NA,NA,NA,"Study2D1S219T3_f0.txt",5,36,15.3462030670712
"1019",8.86700313464129,6,30,"Study2D1S219T4_f0.txt",5,36,15.3462030670712
"1020",8.6853703061618,4,16,"Study2D1S219T5_f0.txt",5,36,15.3462030670712
"1021",NA,NA,NA,"Study2D1S219T6_f0.txt",5,36,15.3462030670712
"1022",NA,NA,NA,"Study2D1S219T7_f0.txt",5,36,15.3462030670712
"1023",NA,NA,NA,"Study2D1S219T8_f0.txt",5,36,15.3462030670712
"1024",16.1659392205512,10,49,"Study2D1S245T1_f0.txt",5,36,15.3462030670712
"1025",21.4767100658467,7,30,"Study2D1S245T2_f0.txt",5,36,15.3462030670712
"1026",5.26666473355689,5,33,"Study2D1S245T3_f0.txt",5,36,15.3462030670712
"1027",32.6270863009288,8,26,"Study2D1S245T4_f0.txt",5,36,15.3462030670712
"1028",19.024143853594,7,47,"Study2D1S245T5_f0.txt",5,36,15.3462030670712
"1029",4.96685050394128,5,38,"Study2D1S245T6_f0.txt",5,36,15.3462030670712
"1030",11.3711612565324,5,25,"Study2D1S245T7_f0.txt",5,36,15.3462030670712
"1031",11.3525015769493,5,37,"Study2D1S245T8_f0.txt",5,36,15.3462030670712
"1032",12.0232360417542,6,31,"Study2D1S247T1_f0.txt",5,36,15.3462030670712
"1033",25.263599935634,8,31,"Study2D1S247T2_f0.txt",5,36,15.3462030670712
"1034",NA,NA,NA,"Study2D1S247T3_f0.txt",5,36,15.3462030670712
"1035",24.9194973330232,8,46,"Study2D1S247T4_f0.txt",5,36,15.3462030670712
"1036",36.8021252602924,9,34,"Study2D1S247T5_f0.txt",5,36,15.3462030670712
"1037",24.3186877316612,8,26,"Study2D1S247T6_f0.txt",5,36,15.3462030670712
"1038",22.4034376780632,7,43,"Study2D1S247T7_f0.txt",5,36,15.3462030670712
"1039",8.7975246674482,3,48,"Study2D1S248T1_f0.txt",5,36,15.3462030670712
"1040",10.2000358544482,3,47,"Study2D1S248T2_f0.txt",5,36,15.3462030670712
"1041",7.00981522554439,5,41,"Study2D1S248T3_f0.txt",5,36,15.3462030670712
"1042",10.0745794856356,3,49,"Study2D1S248T4_f0.txt",5,36,15.3462030670712
"1043",NA,NA,NA,"Study2D1S248T5_f0.txt",5,36,15.3462030670712
"1044",14.851478164907,11,26,"Study2D1S248T6_f0.txt",5,36,15.3462030670712
"1045",NA,NA,NA,"Study2D1S248T7_f0.txt",5,36,15.3462030670712
"1046",4.98274468634617,4,32,"Study2D1S248T8_f0.txt",5,36,15.3462030670712
"1047",9.05192235488936,5,43,"Study2D1S249T1_f0.txt",5,36,15.3462030670712
"1048",10.061028354372,4,47,"Study2D1S249T2_f0.txt",5,36,15.3462030670712
"1049",36.9246855031206,19,48,"Study2D1S249T3_f0.txt",5,36,15.3462030670712
"1050",17.713117701862,7,45,"Study2D1S249T4_f0.txt",5,36,15.3462030670712
"1051",8.52935419002518,6,18,"Study2D1S249T5_f0.txt",5,36,15.3462030670712
"1052",NA,NA,NA,"Study2D1S249T6_f0.txt",5,36,15.3462030670712
"1053",4.27706588873427,3,10,"Study2D1S249T7_f0.txt",5,36,15.3462030670712
"1054",NA,NA,NA,"Study4D0S401T1_f0.txt",5,36,15.3462030670712
"1055",NA,NA,NA,"Study4D0S401T2_f0.txt",5,36,15.3462030670712
"1056",14.8431538263504,4,18,"Study4D0S401T3_f0.txt",5,36,15.3462030670712
"1057",13.8529123766279,3,49,"Study4D0S401T4_f0.txt",5,36,15.3462030670712
"1058",22.3988890508797,3,37,"Study4D0S401T5_f0.txt",5,36,15.3462030670712
"1059",36.8189710346095,8,29,"Study4D0S401T6_f0.txt",5,36,15.3462030670712
"1060",32.6940728961078,6,45,"Study4D0S401T7_f0.txt",5,36,15.3462030670712
"1061",17.5522516130371,3,17,"Study4D0S401T8_f0.txt",5,36,15.3462030670712
"1062",22.9005271610823,6,42,"Study4D0S402T1_f0.txt",5,36,15.3462030670712
"1063",30.0478369568315,8,39,"Study4D0S402T2_f0.txt",5,36,15.3462030670712
"1064",NA,NA,NA,"Study4D0S402T3_f0.txt",5,36,15.3462030670712
"1065",16.7202137391935,5,37,"Study4D0S402T4_f0.txt",5,36,15.3462030670712
"1066",10.859951924749,4,42,"Study4D0S402T5_f0.txt",5,36,15.3462030670712
"1067",26.659504948215,7,47,"Study4D0S402T6_f0.txt",5,36,15.3462030670712
"1068",19.6789042818476,6,47,"Study4D0S402T7_f0.txt",5,36,15.3462030670712
"1069",3.91429615527257,2,30,"Study4D0S402T8_f0.txt",5,36,15.3462030670712
"1070",27.112883173716,3,35,"Study4D0S403T1_f0.txt",5,36,15.3462030670712
"1071",NA,NA,NA,"Study4D0S403T2_f0.txt",5,36,15.3462030670712
"1072",15.8525637272,5,21,"Study4D0S403T3_f0.txt",5,36,15.3462030670712
"1073",47.8935323924497,11,43,"Study4D0S403T4_f0.txt",5,36,15.3462030670712
"1074",24.5211377970656,4,48,"Study4D0S403T5_f0.txt",5,36,15.3462030670712
"1075",NA,NA,NA,"Study4D0S403T6_f0.txt",5,36,15.3462030670712
"1076",22.8207134746785,3,21,"Study4D0S403T7_f0.txt",5,36,15.3462030670712
"1077",16.3068108044507,3,48,"Study4D0S403T8_f0.txt",5,36,15.3462030670712
"1078",7.23462042178015,3,40,"Study4D0S404T1_f0.txt",5,36,15.3462030670712
"1079",21.2981911929313,4,48,"Study4D0S404T2_f0.txt",5,36,15.3462030670712
"1080",NA,NA,NA,"Study4D0S404T3_f0.txt",5,36,15.3462030670712
"1081",30.3045301428065,10,43,"Study4D0S404T4_f0.txt",5,36,15.3462030670712
"1082",NA,NA,NA,"Study4D0S404T5_f0.txt",5,36,15.3462030670712
"1083",12.0622255985492,8,43,"Study4D0S404T6_f0.txt",5,36,15.3462030670712
"1084",13.4287211441815,3,47,"Study4D0S404T7_f0.txt",5,36,15.3462030670712
"1085",18.5924122431376,7,40,"Study4D0S404T8_f0.txt",5,36,15.3462030670712
"1086",58.2511095908283,10,45,"Study4D0S406T1_f0.txt",5,36,15.3462030670712
"1087",84.5802454810878,10,49,"Study4D0S406T2_f0.txt",5,36,15.3462030670712
"1088",71.1401098141785,10,36,"Study4D0S406T3_f0.txt",5,36,15.3462030670712
"1089",39.7456234686856,6,37,"Study4D0S406T4_f0.txt",5,36,15.3462030670712
"1090",26.6091146731128,3,37,"Study4D0S406T5_f0.txt",5,36,15.3462030670712
"1091",28.5594554155788,6,49,"Study4D0S406T6_f0.txt",5,36,15.3462030670712
"1092",33.4363243949991,4,35,"Study4D0S406T7_f0.txt",5,36,15.3462030670712
"1093",6.18501377519528,3,9,"Study4D0S406T8_f0.txt",5,36,15.3462030670712
"1094",29.0304536202622,4,31,"Study4D0S407T1_f0.txt",5,36,15.3462030670712
"1095",31.9939420409696,5,35,"Study4D0S407T2_f0.txt",5,36,15.3462030670712
"1096",19.9152269769388,5,48,"Study4D0S407T3_f0.txt",5,36,15.3462030670712
"1097",33.0445993250112,5,48,"Study4D0S407T4_f0.txt",5,36,15.3462030670712
"1098",26.8466960591249,4,37,"Study4D0S407T5_f0.txt",5,36,15.3462030670712
"1099",9.17630644989341,3,30,"Study4D0S407T6_f0.txt",5,36,15.3462030670712
"1100",20.8281805514511,4,46,"Study4D0S407T7_f0.txt",5,36,15.3462030670712
"1101",21.1881090204496,5,41,"Study4D0S407T8_f0.txt",5,36,15.3462030670712
"1102",15.1039470410845,3,40,"Study4D0S414T1_f0.txt",5,36,15.3462030670712
"1103",NA,NA,NA,"Study4D0S414T2_f0.txt",5,36,15.3462030670712
"1104",13.5669913443406,4,44,"Study4D0S414T3_f0.txt",5,36,15.3462030670712
"1105",NA,NA,NA,"Study4D0S414T4_f0.txt",5,36,15.3462030670712
"1106",NA,NA,NA,"Study4D0S414T5_f0.txt",5,36,15.3462030670712
"1107",7.54798201153018,3,49,"Study4D0S414T6_f0.txt",5,36,15.3462030670712
"1108",41.5462548230331,7,48,"Study4D0S414T7_f0.txt",5,36,15.3462030670712
"1109",21.4101843709047,6,23,"Study4D0S414T8_f0.txt",5,36,15.3462030670712
"1110",14.634809991756,3,19,"Study4D0S415T1_f0.txt",5,36,15.3462030670712
"1111",NA,NA,NA,"Study4D0S415T2_f0.txt",5,36,15.3462030670712
"1112",NA,NA,NA,"Study4D0S415T3_f0.txt",5,36,15.3462030670712
"1113",23.0494892941449,3,24,"Study4D0S415T4_f0.txt",5,36,15.3462030670712
"1114",23.8367738695833,4,48,"Study4D0S415T5_f0.txt",5,36,15.3462030670712
"1115",47.1700893235081,12,31,"Study4D0S415T6_f0.txt",5,36,15.3462030670712
"1116",16.2330327388742,4,23,"Study4D0S415T7_f0.txt",5,36,15.3462030670712
"1117",NA,NA,NA,"Study4D0S415T8_f0.txt",5,36,15.3462030670712
"1118",41.0758583142691,8,46,"Study4D0S416T1_f0.txt",5,36,15.3462030670712
"1119",20.0354624693317,4,30,"Study4D0S416T2_f0.txt",5,36,15.3462030670712
"1120",23.9278965572254,6,41,"Study4D0S416T3_f0.txt",5,36,15.3462030670712
"1121",42.585932004877,9,49,"Study4D0S416T4_f0.txt",5,36,15.3462030670712
"1122",33.4638891069102,8,43,"Study4D0S416T5_f0.txt",5,36,15.3462030670712
"1123",7.96965743635733,3,45,"Study4D0S416T6_f0.txt",5,36,15.3462030670712
"1124",28.9101821606802,8,39,"Study4D0S416T7_f0.txt",5,36,15.3462030670712
"1125",17.4767590034361,6,32,"Study4D0S416T8_f0.txt",5,36,15.3462030670712
"1126",13.2087162936471,4,30,"Study4D0S417T1_f0.txt",5,36,15.3462030670712
"1127",22.3773397881298,8,46,"Study4D0S417T2_f0.txt",5,36,15.3462030670712
"1128",24.3984140552059,10,49,"Study4D0S417T3_f0.txt",5,36,15.3462030670712
"1129",9.78772495847026,2,31,"Study4D0S417T4_f0.txt",5,36,15.3462030670712
"1130",NA,NA,NA,"Study4D0S417T5_f0.txt",5,36,15.3462030670712
"1131",14.3799211602688,4,16,"Study4D0S417T6_f0.txt",5,36,15.3462030670712
"1132",NA,NA,NA,"Study4D0S417T7_f0.txt",5,36,15.3462030670712
"1133",5.70050407479077,3,48,"Study4D0S417T8_f0.txt",5,36,15.3462030670712
"1134",NA,NA,NA,"Study4D0S419T1_f0.txt",5,36,15.3462030670712
"1135",13.5514366875095,4,37,"Study4D0S419T2_f0.txt",5,36,15.3462030670712
"1136",31.9207205121476,12,49,"Study4D0S419T3_f0.txt",5,36,15.3462030670712
"1137",NA,NA,NA,"Study4D0S419T4_f0.txt",5,36,15.3462030670712
"1138",NA,NA,NA,"Study4D0S419T5_f0.txt",5,36,15.3462030670712
"1139",19.0525958145243,10,49,"Study4D0S419T6_f0.txt",5,36,15.3462030670712
"1140",12.4985601274073,4,45,"Study4D0S419T7_f0.txt",5,36,15.3462030670712
"1141",9.58672661856841,4,45,"Study4D0S419T8_f0.txt",5,36,15.3462030670712
"1142",28.9065380945809,6,27,"Study4D0S421T1_f0.txt",5,36,15.3462030670712
"1143",25.3716644038355,5,48,"Study4D0S421T2_f0.txt",5,36,15.3462030670712
"1144",16.2490768323995,4,33,"Study4D0S421T3_f0.txt",5,36,15.3462030670712
"1145",39.3263405905483,8,32,"Study4D0S421T4_f0.txt",5,36,15.3462030670712
"1146",17.353074489818,4,37,"Study4D0S421T5_f0.txt",5,36,15.3462030670712
"1147",20.7913274484678,5,48,"Study4D0S421T6_f0.txt",5,36,15.3462030670712
"1148",38.1393827316996,9,32,"Study4D0S421T7_f0.txt",5,36,15.3462030670712
"1149",16.611918728171,5,37,"Study4D0S421T8_f0.txt",5,36,15.3462030670712
"1150",21.1526954830669,5,47,"Study4D0S424T1_f0.txt",5,36,15.3462030670712
"1151",22.5272826408949,4,49,"Study4D0S424T2_f0.txt",5,36,15.3462030670712
"1152",19.5505574171325,6,40,"Study4D0S424T3_f0.txt",5,36,15.3462030670712
"1153",25.2997566537258,7,47,"Study4D0S424T4_f0.txt",5,36,15.3462030670712
"1154",37.0649510960991,6,37,"Study4D0S424T5_f0.txt",5,36,15.3462030670712
"1155",23.6588509609422,5,49,"Study4D0S424T6_f0.txt",5,36,15.3462030670712
"1156",28.781738638038,6,49,"Study4D0S424T7_f0.txt",5,36,15.3462030670712
"1157",15.4322091568057,4,30,"Study4D0S424T8_f0.txt",5,36,15.3462030670712
"1158",22.8327569646108,5,37,"Study4D0S440T1_f0.txt",5,36,15.3462030670712
"1159",52.1434572007726,10,40,"Study4D0S440T2_f0.txt",5,36,15.3462030670712
"1160",26.9161841861288,6,26,"Study4D0S440T3_f0.txt",5,36,15.3462030670712
"1161",23.1779427960808,5,48,"Study4D0S440T4_f0.txt",5,36,15.3462030670712
"1162",37.3769324590339,7,35,"Study4D0S440T5_f0.txt",5,36,15.3462030670712
"1163",36.6843001386899,9,19,"Study4D0S440T6_f0.txt",5,36,15.3462030670712
"1164",30.008363422737,4,47,"Study4D0S440T7_f0.txt",5,36,15.3462030670712
"1165",47.3050681140196,9,38,"Study4D0S440T8_f0.txt",5,36,15.3462030670712
"1166",24.0555541386271,7,43,"Study4D0S441T1_f0.txt",5,36,15.3462030670712
"1167",23.5371792386629,5,48,"Study4D0S441T2_f0.txt",5,36,15.3462030670712
"1168",18.5629912662528,4,35,"Study4D0S441T3_f0.txt",5,36,15.3462030670712
"1169",19.8455255084809,5,49,"Study4D0S441T4_f0.txt",5,36,15.3462030670712
"1170",40.0831733785566,7,31,"Study4D0S441T5_f0.txt",5,36,15.3462030670712
"1171",15.2545989564173,6,27,"Study4D0S441T6_f0.txt",5,36,15.3462030670712
"1172",14.8192128239767,4,16,"Study4D0S441T7_f0.txt",5,36,15.3462030670712
"1173",23.7182161162923,7,30,"Study4D0S441T8_f0.txt",5,36,15.3462030670712
"1174",11.0888707176674,3,49,"Study4D0S447T1_f0.txt",5,36,15.3462030670712
"1175",NA,NA,NA,"Study4D0S447T2_f0.txt",5,36,15.3462030670712
"1176",6.54688433630004,3,41,"Study4D0S447T3_f0.txt",5,36,15.3462030670712
"1177",12.6295461749233,4,36,"Study4D0S447T4_f0.txt",5,36,15.3462030670712
"1178",NA,NA,NA,"Study4D0S447T5_f0.txt",5,36,15.3462030670712
"1179",8.24256385003599,3,49,"Study4D0S447T6_f0.txt",5,36,15.3462030670712
"1180",10.4474084359227,4,40,"Study4D0S447T7_f0.txt",5,36,15.3462030670712
"1181",9.54673448104216,4,48,"Study4D0S447T8_f0.txt",5,36,15.3462030670712
"1182",20.390261408838,3,39,"Study4D1S402T1_f0.txt",5,36,15.3462030670712
"1183",24.8093978384502,3,46,"Study4D1S402T2_f0.txt",5,36,15.3462030670712
"1184",20.8428446149035,4,30,"Study4D1S402T3_f0.txt",5,36,15.3462030670712
"1185",20.6828055620603,3,26,"Study4D1S402T4_f0.txt",5,36,15.3462030670712
"1186",26.565130803006,4,48,"Study4D1S402T5_f0.txt",5,36,15.3462030670712
"1187",32.8670243235011,8,24,"Study4D1S402T6_f0.txt",5,36,15.3462030670712
"1188",23.7926382676808,7,39,"Study4D1S402T7_f0.txt",5,36,15.3462030670712
"1189",18.8858543250238,3,49,"Study4D1S402T8_f0.txt",5,36,15.3462030670712
"1190",18.3125579036804,3,41,"Study4D1S402T9_f0.txt",5,36,15.3462030670712
"1191",24.3214069668331,4,48,"Study4D1S403T1_f0.txt",5,36,15.3462030670712
"1192",11.3125509356894,4,12,"Study4D1S403T2_f0.txt",5,36,15.3462030670712
"1193",51.3230286530825,11,18,"Study4D1S403T3_f0.txt",5,36,15.3462030670712
"1194",23.6116196684581,6,49,"Study4D1S403T4_f0.txt",5,36,15.3462030670712
"1195",24.3663483179903,6,34,"Study4D1S403T5_f0.txt",5,36,15.3462030670712
"1196",20.9788396646868,5,28,"Study4D1S403T6_f0.txt",5,36,15.3462030670712
"1197",NA,NA,NA,"Study4D1S403T7_f0.txt",5,36,15.3462030670712
"1198",32.6313417259746,6,49,"Study4D1S403T8_f0.txt",5,36,15.3462030670712
"1199",15.3525063786973,6,33,"Study4D1S404T1_f0.txt",5,36,15.3462030670712
"1200",19.5543719249149,8,46,"Study4D1S404T2_f0.txt",5,36,15.3462030670712
"1201",28.5504512016448,11,28,"Study4D1S404T3_f0.txt",5,36,15.3462030670712
"1202",13.302271330926,6,49,"Study4D1S404T4_f0.txt",5,36,15.3462030670712
"1203",15.4649727982825,7,19,"Study4D1S404T5_f0.txt",5,36,15.3462030670712
"1204",15.8535966898278,7,26,"Study4D1S404T6_f0.txt",5,36,15.3462030670712
"1205",10.6201096119857,4,49,"Study4D1S404T7_f0.txt",5,36,15.3462030670712
"1206",15.4229192970921,9,25,"Study4D1S404T8_f0.txt",5,36,15.3462030670712
"1207",22.485303391484,10,16,"Study4D1S405T1_f0.txt",5,36,15.3462030670712
"1208",19.8254903333438,6,15,"Study4D1S405T2_f0.txt",5,36,15.3462030670712
"1209",8.74636974220228,3,11,"Study4D1S405T3_f0.txt",5,36,15.3462030670712
"1210",16.2657497892453,8,48,"Study4D1S405T4_f0.txt",5,36,15.3462030670712
"1211",22.3605284136784,8,21,"Study4D1S405T5_f0.txt",5,36,15.3462030670712
"1212",6.74699487452657,5,46,"Study4D1S405T6_f0.txt",5,36,15.3462030670712
"1213",18.1216325240577,6,29,"Study4D1S405T7_f0.txt",5,36,15.3462030670712
"1214",5.9629186440039,7,31,"Study4D1S405T8_f0.txt",5,36,15.3462030670712
"1215",NA,NA,NA,"Study4D1S406T1_f0.txt",5,36,15.3462030670712
"1216",17.3337285856513,3,49,"Study4D1S406T2_f0.txt",5,36,15.3462030670712
"1217",45.0168807913295,8,28,"Study4D1S406T3_f0.txt",5,36,15.3462030670712
"1218",NA,NA,NA,"Study4D1S406T4_f0.txt",5,36,15.3462030670712
"1219",NA,NA,NA,"Study4D1S406T5_f0.txt",5,36,15.3462030670712
"1220",6.11710819909602,2,40,"Study4D1S406T6_f0.txt",5,36,15.3462030670712
"1221",11.7283089051132,3,19,"Study4D1S406T7_f0.txt",5,36,15.3462030670712
"1222",NA,NA,NA,"Study4D1S406T8_f0.txt",5,36,15.3462030670712
"1223",31.0343535955758,5,30,"Study4D1S412T1_f0.txt",5,36,15.3462030670712
"1224",26.8167981710375,7,40,"Study4D1S412T2_f0.txt",5,36,15.3462030670712
"1225",16.0524125734501,6,46,"Study4D1S412T3_f0.txt",5,36,15.3462030670712
"1226",23.8322192178752,8,38,"Study4D1S412T4_f0.txt",5,36,15.3462030670712
"1227",40.386597347905,8,26,"Study4D1S412T5_f0.txt",5,36,15.3462030670712
"1228",8.74518635274945,4,42,"Study4D1S412T6_f0.txt",5,36,15.3462030670712
"1229",23.7626875489431,7,40,"Study4D1S412T7_f0.txt",5,36,15.3462030670712
"1230",14.5626619219337,5,30,"Study4D1S412T8_f0.txt",5,36,15.3462030670712
"1231",26.5391548481507,9,31,"Study4D1S413T1_f0.txt",5,36,15.3462030670712
"1232",NA,NA,NA,"Study4D1S413T2_f0.txt",5,36,15.3462030670712
"1233",6.19550119859897,3,37,"Study4D1S413T3_f0.txt",5,36,15.3462030670712
"1234",13.3663358926308,3,16,"Study4D1S413T4_f0.txt",5,36,15.3462030670712
"1235",26.9201713696674,9,27,"Study4D1S413T5_f0.txt",5,36,15.3462030670712
"1236",28.1164107445586,9,31,"Study4D1S413T6_f0.txt",5,36,15.3462030670712
"1237",NA,NA,NA,"Study4D1S413T7_f0.txt",5,36,15.3462030670712
"1238",NA,NA,NA,"Study4D1S413T8_f0.txt",5,36,15.3462030670712
"1239",14.6645880293523,3,47,"Study4D1S414T1_f0.txt",5,36,15.3462030670712
"1240",21.4932837844778,4,49,"Study4D1S414T2_f0.txt",5,36,15.3462030670712
"1241",23.6673980359993,4,35,"Study4D1S414T3_f0.txt",5,36,15.3462030670712
"1242",21.4976942219371,4,36,"Study4D1S414T4_f0.txt",5,36,15.3462030670712
"1243",21.8199709586406,4,49,"Study4D1S414T5_f0.txt",5,36,15.3462030670712
"1244",22.541616329355,4,47,"Study4D1S414T6_f0.txt",5,36,15.3462030670712
"1245",23.3978339898415,4,48,"Study4D1S414T7_f0.txt",5,36,15.3462030670712
"1246",24.420605159197,4,48,"Study4D1S414T8_f0.txt",5,36,15.3462030670712
"1247",2.93676874505777,5,29,"Study4D1S415T1_f0.txt",5,36,15.3462030670712
"1248",15.9321475814208,6,25,"Study4D1S415T2_f0.txt",5,36,15.3462030670712
"1249",NA,NA,NA,"Study4D1S415T3_f0.txt",5,36,15.3462030670712
"1250",7.45619272168392,6,29,"Study4D1S415T4_f0.txt",5,36,15.3462030670712
"1251",17.0559131798946,7,25,"Study4D1S415T5_f0.txt",5,36,15.3462030670712
"1252",NA,NA,NA,"Study4D1S415T6_f0.txt",5,36,15.3462030670712
"1253",4.84227392722135,5,45,"Study4D1S415T7_f0.txt",5,36,15.3462030670712
"1254",NA,NA,NA,"Study4D1S415T8_f0.txt",5,36,15.3462030670712
"1255",11.912468000992,5,16,"Study4D1S416T1_f0.txt",5,36,15.3462030670712
"1256",17.3094625565719,6,28,"Study4D1S416T2_f0.txt",5,36,15.3462030670712
"1257",11.7541364296514,5,35,"Study4D1S416T3_f0.txt",5,36,15.3462030670712
"1258",30.7228152615835,7,26,"Study4D1S416T4_f0.txt",5,36,15.3462030670712
"1259",36.9624255428699,8,34,"Study4D1S416T5_f0.txt",5,36,15.3462030670712
"1260",22.1568880680093,7,49,"Study4D1S416T6_f0.txt",5,36,15.3462030670712
"1261",28.6945757214337,9,30,"Study4D1S416T7_f0.txt",5,36,15.3462030670712
"1262",33.2230663975165,8,34,"Study4D1S416T8_f0.txt",5,36,15.3462030670712
"1263",23.6931316299332,6,42,"Study4D1S416T9_f0.txt",5,36,15.3462030670712
"1264",20.4233211750469,11,21,"Study4D1S417T1_f0.txt",5,36,15.3462030670712
"1265",10.0389111341408,10,44,"Study4D1S417T2_f0.txt",5,36,15.3462030670712
"1266",1.05296298511199,4,33,"Study4D1S417T3_f0.txt",5,36,15.3462030670712
"1267",NA,NA,NA,"Study4D1S417T4_f0.txt",5,36,15.3462030670712
"1268",11.2359684928355,10,40,"Study4D1S417T5_f0.txt",5,36,15.3462030670712
"1269",10.1710575563954,9,41,"Study4D1S417T6_f0.txt",5,36,15.3462030670712
"1270",2.11622029825806,6,26,"Study4D1S417T7_f0.txt",5,36,15.3462030670712
"1271",5.03430088034034,7,49,"Study4D1S417T8_f0.txt",5,36,15.3462030670712
"1272",3.43736749245175,5,18,"Study4D1S417T9_f0.txt",5,36,15.3462030670712
"1273",10.6549622125144,4,46,"Study4D1S418T1_f0.txt",5,36,15.3462030670712
"1274",22.3170460502822,9,34,"Study4D1S418T10_f0.txt",5,36,15.3462030670712
"1275",NA,NA,NA,"Study4D1S418T2_f0.txt",5,36,15.3462030670712
"1276",20.8028687715251,5,40,"Study4D1S418T3_f0.txt",5,36,15.3462030670712
"1277",3.01501268860835,2,25,"Study4D1S418T4_f0.txt",5,36,15.3462030670712
"1278",15.9584921013082,10,42,"Study4D1S418T5_f0.txt",5,36,15.3462030670712
"1279",15.5978960183746,9,34,"Study4D1S418T6_f0.txt",5,36,15.3462030670712
"1280",23.9440617050387,11,25,"Study4D1S418T7_f0.txt",5,36,15.3462030670712
"1281",24.5346023690348,9,48,"Study4D1S418T8_f0.txt",5,36,15.3462030670712
"1282",18.1843344171202,8,45,"Study4D1S418T9_f0.txt",5,36,15.3462030670712
"1283",NA,NA,NA,"Study4D1S419T1_f0.txt",5,36,15.3462030670712
"1284",NA,NA,NA,"Study4D1S419T2_f0.txt",5,36,15.3462030670712
"1285",NA,NA,NA,"Study4D1S419T3_f0.txt",5,36,15.3462030670712
"1286",NA,NA,NA,"Study4D1S419T4_f0.txt",5,36,15.3462030670712
"1287",20.48796898431,8,44,"Study4D1S419T5_f0.txt",5,36,15.3462030670712
"1288",14.393089363286,4,48,"Study4D1S419T6_f0.txt",5,36,15.3462030670712
"1289",19.598071688005,4,21,"Study4D1S419T7_f0.txt",5,36,15.3462030670712
"1290",12.5071255080474,4,30,"Study4D1S419T8_f0.txt",5,36,15.3462030670712
"1291",NA,NA,NA,"Study4D1S419T9_f0.txt",5,36,15.3462030670712
"1292",26.6524303133596,8,33,"Study4D1S420T1_f0.txt",5,36,15.3462030670712
"1293",25.7658452884454,9,33,"Study4D1S420T2_f0.txt",5,36,15.3462030670712
"1294",14.0928338387546,6,48,"Study4D1S420T3_f0.txt",5,36,15.3462030670712
"1295",9.77601467288351,4,37,"Study4D1S420T4_f0.txt",5,36,15.3462030670712
"1296",NA,NA,NA,"Study4D1S420T5_f0.txt",5,36,15.3462030670712
"1297",10.7338553413812,4,46,"Study4D1S420T6_f0.txt",5,36,15.3462030670712
"1298",26.3817698993051,8,47,"Study4D1S420T7_f0.txt",5,36,15.3462030670712
"1299",18.6158653192457,7,21,"Study4D1S420T8_f0.txt",5,36,15.3462030670712
"1300",22.1955118816563,7,49,"Study4D1S440T1_f0.txt",5,36,15.3462030670712
"1301",38.5436263162589,8,42,"Study4D1S440T2_f0.txt",5,36,15.3462030670712
"1302",14.8023049499451,5,47,"Study4D1S440T3_f0.txt",5,36,15.3462030670712
"1303",26.1517041035746,8,37,"Study4D1S440T4_f0.txt",5,36,15.3462030670712
"1304",19.3191238354469,7,44,"Study4D1S440T5_f0.txt",5,36,15.3462030670712
"1305",11.4373704383245,5,36,"Study4D1S440T6_f0.txt",5,36,15.3462030670712
"1306",29.3258744645944,6,43,"Study4D1S440T7_f0.txt",5,36,15.3462030670712
"1307",16.6937399826847,6,35,"Study4D1S440T8_f0.txt",5,36,15.3462030670712
"1308",29.697801743312,6,24,"Study4D1S441T1_f0.txt",5,36,15.3462030670712
"1309",27.3245566708549,4,36,"Study4D1S441T2_f0.txt",5,36,15.3462030670712
"1310",23.6225066950762,4,47,"Study4D1S441T3_f0.txt",5,36,15.3462030670712
"1311",30.5805170462586,7,45,"Study4D1S441T4_f0.txt",5,36,15.3462030670712
"1312",24.3929005653892,4,47,"Study4D1S441T5_f0.txt",5,36,15.3462030670712
"1313",32.862221552352,8,45,"Study4D1S441T6_f0.txt",5,36,15.3462030670712
"1314",25.6249410146297,4,44,"Study4D1S441T7_f0.txt",5,36,15.3462030670712
"1315",39.9443740072894,8,25,"Study4D1S441T8_f0.txt",5,36,15.3462030670712
"1316",9.17213052791224,4,37,"Study4D1S443T1_f0.txt",5,36,15.3462030670712
"1317",14.8562460944838,5,41,"Study4D1S443T2_f0.txt",5,36,15.3462030670712
"1318",11.9504693646038,7,11,"Study4D1S443T3_f0.txt",5,36,15.3462030670712
"1319",24.1376324820307,7,46,"Study4D1S443T4_f0.txt",5,36,15.3462030670712
"1320",13.8155184837045,5,27,"Study4D1S443T5_f0.txt",5,36,15.3462030670712
"1321",4.57901227181302,3,45,"Study4D1S443T6_f0.txt",5,36,15.3462030670712
"1322",9.26422785294749,5,22,"Study4D1S443T7_f0.txt",5,36,15.3462030670712
"1323",2.8470429856087,3,21,"Study4D1S443T8_f0.txt",5,36,15.3462030670712
"1324",5.30957569301624,3,41,"Study4D1S444T1_f0.txt",5,36,15.3462030670712
"1325",14.3056374569129,8,39,"Study4D1S444T2_f0.txt",5,36,15.3462030670712
"1326",19.0230931842302,9,31,"Study4D1S444T3_f0.txt",5,36,15.3462030670712
"1327",20.3045418708046,8,25,"Study4D1S444T4_f0.txt",5,36,15.3462030670712
"1328",16.1141925586414,8,45,"Study4D1S444T5_f0.txt",5,36,15.3462030670712
"1329",6.38315191861571,4,32,"Study4D1S444T6_f0.txt",5,36,15.3462030670712
"1330",21.5308042852635,10,27,"Study4D1S444T7_f0.txt",5,36,15.3462030670712
"1331",3.33262629903231,3,49,"Study4D1S444T8_f0.txt",5,36,15.3462030670712
"1332",17.2339515466002,4,16,"Study4D1S446T1_f0.txt",5,36,15.3462030670712
"1333",15.9265427540842,3,39,"Study4D1S446T2_f0.txt",5,36,15.3462030670712
"1334",42.431955455172,11,35,"Study4D1S446T3_f0.txt",5,36,15.3462030670712
"1335",18.2438674644363,4,31,"Study4D1S446T4_f0.txt",5,36,15.3462030670712
"1336",18.0886811870717,4,41,"Study4D1S446T5_f0.txt",5,36,15.3462030670712
"1337",17.0251232851914,4,42,"Study4D1S446T6_f0.txt",5,36,15.3462030670712
"1338",44.2118635408482,9,49,"Study4D1S446T7_f0.txt",5,36,15.3462030670712
"1339",19.2602203470075,4,43,"Study4D1S446T8_f0.txt",5,36,15.3462030670712
